name1,season1,ppg1,apg1,rpg1,bpg1,spg1,tov1,gp1,mp1,sp1,name2,season2,ppg2,apg2,rpg2,bpg2,spg2,tov2,gp2,mp2,sp2,label
Anthony Davis,2012-13,13.5,1.0,8.2,1.2,1.8,1.4,64.0,28.8,0.516,Jaylen Brown,2017-18,14.5,1.6,4.9,1.0,0.4,1.8,70.0,30.7,0.465,1.0
Jaylen Brown,2017-18,14.5,1.6,4.9,1.0,0.4,1.8,70.0,30.7,0.465,Anthony Davis,2012-13,13.5,1.0,8.2,1.2,1.8,1.4,64.0,28.8,0.516,0.0
Anthony Davis,2012-13,13.5,1.0,8.2,1.2,1.8,1.4,64.0,28.8,0.516,Nikola Jokić,2021-22,25.6,6.8,13.5,1.2,0.7,3.2,18.0,32.6,0.577,0.0
Nikola Jokić,2021-22,25.6,6.8,13.5,1.2,0.7,3.2,18.0,32.6,0.577,Anthony Davis,2012-13,13.5,1.0,8.2,1.2,1.8,1.4,64.0,28.8,0.516,1.0
Anthony Davis,2013-14,20.8,1.6,10.0,1.3,2.8,1.6,67.0,35.2,0.519,Bradley Beal,2019-20,30.5,6.1,4.2,1.2,0.4,3.4,57.0,36.0,0.455,0.75
Bradley Beal,2019-20,30.5,6.1,4.2,1.2,0.4,3.4,57.0,36.0,0.455,Anthony Davis,2013-14,20.8,1.6,10.0,1.3,2.8,1.6,67.0,35.2,0.519,0.25
Anthony Davis,2013-14,20.8,1.6,10.0,1.3,2.8,1.6,67.0,35.2,0.519,Damian Lillard,2020-21,28.8,7.5,4.2,0.9,0.3,3.0,67.0,35.8,0.451,0.6666666666666666
Damian Lillard,2020-21,28.8,7.5,4.2,0.9,0.3,3.0,67.0,35.8,0.451,Anthony Davis,2013-14,20.8,1.6,10.0,1.3,2.8,1.6,67.0,35.2,0.519,0.33333333333333337
Anthony Davis,2013-14,20.8,1.6,10.0,1.3,2.8,1.6,67.0,35.2,0.519,Dirk Nowitzki,2013-14,21.7,2.7,6.2,0.9,0.6,1.5,80.0,32.9,0.497,1.0
Dirk Nowitzki,2013-14,21.7,2.7,6.2,0.9,0.6,1.5,80.0,32.9,0.497,Anthony Davis,2013-14,20.8,1.6,10.0,1.3,2.8,1.6,67.0,35.2,0.519,0.0
Anthony Davis,2015-16,24.3,1.9,10.3,1.3,2.0,2.0,61.0,35.5,0.493,Giannis Antetokounmpo,2014-15,12.7,2.6,6.7,0.9,1.0,2.1,81.0,31.4,0.491,0.5
Giannis Antetokounmpo,2014-15,12.7,2.6,6.7,0.9,1.0,2.1,81.0,31.4,0.491,Anthony Davis,2015-16,24.3,1.9,10.3,1.3,2.0,2.0,61.0,35.5,0.493,0.5
Anthony Davis,2015-16,24.3,1.9,10.3,1.3,2.0,2.0,61.0,35.5,0.493,Giannis Antetokounmpo,2018-19,27.7,5.9,12.5,1.3,1.5,3.7,72.0,32.8,0.578,0.0
Giannis Antetokounmpo,2018-19,27.7,5.9,12.5,1.3,1.5,3.7,72.0,32.8,0.578,Anthony Davis,2015-16,24.3,1.9,10.3,1.3,2.0,2.0,61.0,35.5,0.493,1.0
Anthony Davis,2016-17,28.0,2.1,11.8,1.3,2.2,2.4,75.0,36.1,0.505,James Harden,2013-14,25.4,6.1,4.7,1.6,0.4,3.6,73.0,38.0,0.456,0.6
James Harden,2013-14,25.4,6.1,4.7,1.6,0.4,3.6,73.0,38.0,0.456,Anthony Davis,2016-17,28.0,2.1,11.8,1.3,2.2,2.4,75.0,36.1,0.505,0.4
Anthony Davis,2017-18,28.1,2.3,11.1,1.5,2.6,2.2,75.0,36.4,0.534,Bradley Beal,2015-16,17.4,2.9,3.4,1.0,0.2,2.0,55.0,31.1,0.449,1.0
Bradley Beal,2015-16,17.4,2.9,3.4,1.0,0.2,2.0,55.0,31.1,0.449,Anthony Davis,2017-18,28.1,2.3,11.1,1.5,2.6,2.2,75.0,36.4,0.534,0.0
Anthony Davis,2017-18,28.1,2.3,11.1,1.5,2.6,2.2,75.0,36.4,0.534,Bradley Beal,2020-21,31.3,4.4,4.7,1.2,0.4,3.1,60.0,35.8,0.485,0.75
Bradley Beal,2020-21,31.3,4.4,4.7,1.2,0.4,3.1,60.0,35.8,0.485,Anthony Davis,2017-18,28.1,2.3,11.1,1.5,2.6,2.2,75.0,36.4,0.534,0.25
Anthony Davis,2017-18,28.1,2.3,11.1,1.5,2.6,2.2,75.0,36.4,0.534,Zion Williamson,2019-20,22.5,2.1,6.3,0.7,0.4,2.5,24.0,27.8,0.583,0.5
Zion Williamson,2019-20,22.5,2.1,6.3,0.7,0.4,2.5,24.0,27.8,0.583,Anthony Davis,2017-18,28.1,2.3,11.1,1.5,2.6,2.2,75.0,36.4,0.534,0.5
Anthony Davis,2018-19,25.9,3.9,12.0,1.6,2.4,2.0,56.0,33.0,0.517,Devin Booker,2016-17,22.1,3.4,3.2,0.9,0.3,3.1,78.0,35.0,0.423,1.0
Devin Booker,2016-17,22.1,3.4,3.2,0.9,0.3,3.1,78.0,35.0,0.423,Anthony Davis,2018-19,25.9,3.9,12.0,1.6,2.4,2.0,56.0,33.0,0.517,0.0
Anthony Davis,2018-19,25.9,3.9,12.0,1.6,2.4,2.0,56.0,33.0,0.517,Kawhi Leonard,2014-15,16.5,2.5,7.2,2.3,0.8,1.5,64.0,31.8,0.479,0.3333333333333333
Kawhi Leonard,2014-15,16.5,2.5,7.2,2.3,0.8,1.5,64.0,31.8,0.479,Anthony Davis,2018-19,25.9,3.9,12.0,1.6,2.4,2.0,56.0,33.0,0.517,0.6666666666666667
Anthony Davis,2018-19,25.9,3.9,12.0,1.6,2.4,2.0,56.0,33.0,0.517,Kevin Durant,2014-15,25.4,4.1,6.6,0.9,0.9,2.7,27.0,33.8,0.51,1.0
Kevin Durant,2014-15,25.4,4.1,6.6,0.9,0.9,2.7,27.0,33.8,0.51,Anthony Davis,2018-19,25.9,3.9,12.0,1.6,2.4,2.0,56.0,33.0,0.517,0.0
Anthony Davis,2019-20,26.1,3.2,9.3,1.5,2.3,2.5,62.0,34.4,0.503,Jayson Tatum,2020-21,26.4,4.3,7.4,1.2,0.5,2.7,64.0,35.8,0.459,0.6
Jayson Tatum,2020-21,26.4,4.3,7.4,1.2,0.5,2.7,64.0,35.8,0.459,Anthony Davis,2019-20,26.1,3.2,9.3,1.5,2.3,2.5,62.0,34.4,0.503,0.4
Anthony Davis,2019-20,26.1,3.2,9.3,1.5,2.3,2.5,62.0,34.4,0.503,Stephen Curry,2009-10,17.5,5.9,4.5,1.9,0.2,3.0,80.0,36.2,0.462,0.0
Stephen Curry,2009-10,17.5,5.9,4.5,1.9,0.2,3.0,80.0,36.2,0.462,Anthony Davis,2019-20,26.1,3.2,9.3,1.5,2.3,2.5,62.0,34.4,0.503,1.0
Anthony Davis,2020-21,21.8,3.1,7.9,1.3,1.6,2.1,36.0,32.3,0.491,Rudy Gobert,2021-22,14.9,1.0,14.7,1.0,2.3,2.0,23.0,31.9,0.731,0.6666666666666666
Rudy Gobert,2021-22,14.9,1.0,14.7,1.0,2.3,2.0,23.0,31.9,0.731,Anthony Davis,2020-21,21.8,3.1,7.9,1.3,1.6,2.1,36.0,32.3,0.491,0.33333333333333337
Anthony Davis,2021-22,24.4,3.1,10.0,1.3,2.2,2.0,23.0,35.7,0.523,James Harden,2020-21,24.6,10.8,7.9,1.2,0.8,4.0,44.0,36.6,0.466,1.0
James Harden,2020-21,24.6,10.8,7.9,1.2,0.8,4.0,44.0,36.6,0.466,Anthony Davis,2021-22,24.4,3.1,10.0,1.3,2.2,2.0,23.0,35.7,0.523,0.0
Anthony Davis,2021-22,24.4,3.1,10.0,1.3,2.2,2.0,23.0,35.7,0.523,Luka Dončić,2018-19,21.2,6.0,7.8,1.1,0.3,3.4,72.0,32.2,0.427,0.0
Luka Dončić,2018-19,21.2,6.0,7.8,1.1,0.3,3.4,72.0,32.2,0.427,Anthony Davis,2021-22,24.4,3.1,10.0,1.3,2.2,2.0,23.0,35.7,0.523,1.0
Anthony Davis,2021-22,24.4,3.1,10.0,1.3,2.2,2.0,23.0,35.7,0.523,Rudy Gobert,2014-15,8.4,1.3,9.5,0.8,2.3,1.4,82.0,26.3,0.604,1.0
Rudy Gobert,2014-15,8.4,1.3,9.5,0.8,2.3,1.4,82.0,26.3,0.604,Anthony Davis,2021-22,24.4,3.1,10.0,1.3,2.2,2.0,23.0,35.7,0.523,0.0
Bam Adebayo,2017-18,6.9,1.5,5.5,0.5,0.6,1.0,69.0,19.8,0.512,Jimmy Butler,2020-21,21.5,7.1,6.9,2.1,0.3,2.1,52.0,33.6,0.497,0.5
Jimmy Butler,2020-21,21.5,7.1,6.9,2.1,0.3,2.1,52.0,33.6,0.497,Bam Adebayo,2017-18,6.9,1.5,5.5,0.5,0.6,1.0,69.0,19.8,0.512,0.5
Bam Adebayo,2017-18,6.9,1.5,5.5,0.5,0.6,1.0,69.0,19.8,0.512,LeBron James,2011-12,27.1,6.2,7.9,1.9,0.8,3.4,62.0,37.5,0.531,0.0
LeBron James,2011-12,27.1,6.2,7.9,1.9,0.8,3.4,62.0,37.5,0.531,Bam Adebayo,2017-18,6.9,1.5,5.5,0.5,0.6,1.0,69.0,19.8,0.512,1.0
Bam Adebayo,2017-18,6.9,1.5,5.5,0.5,0.6,1.0,69.0,19.8,0.512,Luka Dončić,2018-19,21.2,6.0,7.8,1.1,0.3,3.4,72.0,32.2,0.427,0.25
Luka Dončić,2018-19,21.2,6.0,7.8,1.1,0.3,3.4,72.0,32.2,0.427,Bam Adebayo,2017-18,6.9,1.5,5.5,0.5,0.6,1.0,69.0,19.8,0.512,0.75
Bam Adebayo,2017-18,6.9,1.5,5.5,0.5,0.6,1.0,69.0,19.8,0.512,Nikola Jokić,2020-21,26.4,8.3,10.8,1.3,0.7,3.1,72.0,34.6,0.566,0.3333333333333333
Nikola Jokić,2020-21,26.4,8.3,10.8,1.3,0.7,3.1,72.0,34.6,0.566,Bam Adebayo,2017-18,6.9,1.5,5.5,0.5,0.6,1.0,69.0,19.8,0.512,0.6666666666666667
Bam Adebayo,2017-18,6.9,1.5,5.5,0.5,0.6,1.0,69.0,19.8,0.512,Rudy Gobert,2013-14,2.3,0.2,3.4,0.2,0.9,0.7,45.0,9.6,0.486,0.0
Rudy Gobert,2013-14,2.3,0.2,3.4,0.2,0.9,0.7,45.0,9.6,0.486,Bam Adebayo,2017-18,6.9,1.5,5.5,0.5,0.6,1.0,69.0,19.8,0.512,1.0
Bam Adebayo,2017-18,6.9,1.5,5.5,0.5,0.6,1.0,69.0,19.8,0.512,Stephen Curry,2012-13,22.9,6.9,4.0,1.6,0.2,3.1,78.0,38.2,0.451,0.25
Stephen Curry,2012-13,22.9,6.9,4.0,1.6,0.2,3.1,78.0,38.2,0.451,Bam Adebayo,2017-18,6.9,1.5,5.5,0.5,0.6,1.0,69.0,19.8,0.512,0.75
Bam Adebayo,2018-19,8.9,2.2,7.3,0.9,0.8,1.5,82.0,23.3,0.576,Damian Lillard,2017-18,26.9,6.6,4.5,1.1,0.4,2.8,73.0,36.6,0.439,1.0
Damian Lillard,2017-18,26.9,6.6,4.5,1.1,0.4,2.8,73.0,36.6,0.439,Bam Adebayo,2018-19,8.9,2.2,7.3,0.9,0.8,1.5,82.0,23.3,0.576,0.0
Bam Adebayo,2018-19,8.9,2.2,7.3,0.9,0.8,1.5,82.0,23.3,0.576,Devin Booker,2021-22,23.2,4.5,4.9,0.9,0.2,2.7,21.0,32.2,0.458,0.0
Devin Booker,2021-22,23.2,4.5,4.9,0.9,0.2,2.7,21.0,32.2,0.458,Bam Adebayo,2018-19,8.9,2.2,7.3,0.9,0.8,1.5,82.0,23.3,0.576,1.0
Bam Adebayo,2018-19,8.9,2.2,7.3,0.9,0.8,1.5,82.0,23.3,0.576,Stephen Curry,2020-21,32.0,5.8,5.5,1.2,0.1,3.4,63.0,34.2,0.482,0.0
Stephen Curry,2020-21,32.0,5.8,5.5,1.2,0.1,3.4,63.0,34.2,0.482,Bam Adebayo,2018-19,8.9,2.2,7.3,0.9,0.8,1.5,82.0,23.3,0.576,1.0
Bam Adebayo,2019-20,15.9,5.1,10.2,1.1,1.3,2.8,72.0,33.6,0.557,Ben Simmons,2019-20,16.4,8.0,7.8,2.1,0.6,3.5,57.0,35.4,0.58,0.0
Ben Simmons,2019-20,16.4,8.0,7.8,2.1,0.6,3.5,57.0,35.4,0.58,Bam Adebayo,2019-20,15.9,5.1,10.2,1.1,1.3,2.8,72.0,33.6,0.557,1.0
Bam Adebayo,2019-20,15.9,5.1,10.2,1.1,1.3,2.8,72.0,33.6,0.557,Chris Paul,2007-08,21.1,11.6,4.0,2.7,0.1,2.5,80.0,37.6,0.488,0.3333333333333333
Chris Paul,2007-08,21.1,11.6,4.0,2.7,0.1,2.5,80.0,37.6,0.488,Bam Adebayo,2019-20,15.9,5.1,10.2,1.1,1.3,2.8,72.0,33.6,0.557,0.6666666666666667
Bam Adebayo,2019-20,15.9,5.1,10.2,1.1,1.3,2.8,72.0,33.6,0.557,Damian Lillard,2017-18,26.9,6.6,4.5,1.1,0.4,2.8,73.0,36.6,0.439,0.3333333333333333
Damian Lillard,2017-18,26.9,6.6,4.5,1.1,0.4,2.8,73.0,36.6,0.439,Bam Adebayo,2019-20,15.9,5.1,10.2,1.1,1.3,2.8,72.0,33.6,0.557,0.6666666666666667
Bam Adebayo,2019-20,15.9,5.1,10.2,1.1,1.3,2.8,72.0,33.6,0.557,Stephen Curry,2012-13,22.9,6.9,4.0,1.6,0.2,3.1,78.0,38.2,0.451,0.0
Stephen Curry,2012-13,22.9,6.9,4.0,1.6,0.2,3.1,78.0,38.2,0.451,Bam Adebayo,2019-20,15.9,5.1,10.2,1.1,1.3,2.8,72.0,33.6,0.557,1.0
Bam Adebayo,2020-21,18.7,5.4,9.0,1.2,1.0,2.6,64.0,33.5,0.57,Ben Simmons,2020-21,14.3,6.9,7.2,1.6,0.6,3.0,58.0,32.4,0.557,0.0
Ben Simmons,2020-21,14.3,6.9,7.2,1.6,0.6,3.0,58.0,32.4,0.557,Bam Adebayo,2020-21,18.7,5.4,9.0,1.2,1.0,2.6,64.0,33.5,0.57,1.0
Bam Adebayo,2020-21,18.7,5.4,9.0,1.2,1.0,2.6,64.0,33.5,0.57,Devin Booker,2018-19,26.6,6.8,4.1,0.9,0.2,4.1,64.0,35.0,0.467,0.0
Devin Booker,2018-19,26.6,6.8,4.1,0.9,0.2,4.1,64.0,35.0,0.467,Bam Adebayo,2020-21,18.7,5.4,9.0,1.2,1.0,2.6,64.0,33.5,0.57,1.0
Bam Adebayo,2020-21,18.7,5.4,9.0,1.2,1.0,2.6,64.0,33.5,0.57,Devin Booker,2021-22,23.2,4.5,4.9,0.9,0.2,2.7,21.0,32.2,0.458,0.5
Devin Booker,2021-22,23.2,4.5,4.9,0.9,0.2,2.7,21.0,32.2,0.458,Bam Adebayo,2020-21,18.7,5.4,9.0,1.2,1.0,2.6,64.0,33.5,0.57,0.5
Bam Adebayo,2020-21,18.7,5.4,9.0,1.2,1.0,2.6,64.0,33.5,0.57,Dirk Nowitzki,2012-13,17.3,2.5,6.8,0.7,0.7,1.3,53.0,31.3,0.471,0.5
Dirk Nowitzki,2012-13,17.3,2.5,6.8,0.7,0.7,1.3,53.0,31.3,0.471,Bam Adebayo,2020-21,18.7,5.4,9.0,1.2,1.0,2.6,64.0,33.5,0.57,0.5
Bam Adebayo,2020-21,18.7,5.4,9.0,1.2,1.0,2.6,64.0,33.5,0.57,Dwyane Wade,2016-17,18.3,3.8,4.5,1.4,0.7,2.3,60.0,29.9,0.434,0.0
Dwyane Wade,2016-17,18.3,3.8,4.5,1.4,0.7,2.3,60.0,29.9,0.434,Bam Adebayo,2020-21,18.7,5.4,9.0,1.2,1.0,2.6,64.0,33.5,0.57,1.0
Bam Adebayo,2020-21,18.7,5.4,9.0,1.2,1.0,2.6,64.0,33.5,0.57,Tim Duncan,2015-16,8.6,2.7,7.3,0.8,1.3,1.5,61.0,25.2,0.488,0.5
Tim Duncan,2015-16,8.6,2.7,7.3,0.8,1.3,1.5,61.0,25.2,0.488,Bam Adebayo,2020-21,18.7,5.4,9.0,1.2,1.0,2.6,64.0,33.5,0.57,0.5
Bam Adebayo,2020-21,18.7,5.4,9.0,1.2,1.0,2.6,64.0,33.5,0.57,Zion Williamson,2020-21,27.0,3.7,7.2,0.9,0.6,2.7,61.0,33.2,0.611,1.0
Zion Williamson,2020-21,27.0,3.7,7.2,0.9,0.6,2.7,61.0,33.2,0.611,Bam Adebayo,2020-21,18.7,5.4,9.0,1.2,1.0,2.6,64.0,33.5,0.57,0.0
Bam Adebayo,2021-22,18.7,3.2,10.2,1.1,0.3,2.9,18.0,32.9,0.519,Donovan Mitchell,2019-20,24.0,4.3,4.4,1.0,0.2,2.7,69.0,34.3,0.449,0.25
Donovan Mitchell,2019-20,24.0,4.3,4.4,1.0,0.2,2.7,69.0,34.3,0.449,Bam Adebayo,2021-22,18.7,3.2,10.2,1.1,0.3,2.9,18.0,32.9,0.519,0.75
Bam Adebayo,2021-22,18.7,3.2,10.2,1.1,0.3,2.9,18.0,32.9,0.519,Kevin Durant,2011-12,28.0,3.5,8.0,1.3,1.2,3.8,66.0,38.6,0.496,1.0
Kevin Durant,2011-12,28.0,3.5,8.0,1.3,1.2,3.8,66.0,38.6,0.496,Bam Adebayo,2021-22,18.7,3.2,10.2,1.1,0.3,2.9,18.0,32.9,0.519,0.0
Bam Adebayo,2021-22,18.7,3.2,10.2,1.1,0.3,2.9,18.0,32.9,0.519,Nikola Jokić,2020-21,26.4,8.3,10.8,1.3,0.7,3.1,72.0,34.6,0.566,0.3333333333333333
Nikola Jokić,2020-21,26.4,8.3,10.8,1.3,0.7,3.1,72.0,34.6,0.566,Bam Adebayo,2021-22,18.7,3.2,10.2,1.1,0.3,2.9,18.0,32.9,0.519,0.6666666666666667
Bam Adebayo,2021-22,18.7,3.2,10.2,1.1,0.3,2.9,18.0,32.9,0.519,Zion Williamson,2019-20,22.5,2.1,6.3,0.7,0.4,2.5,24.0,27.8,0.583,0.5
Zion Williamson,2019-20,22.5,2.1,6.3,0.7,0.4,2.5,24.0,27.8,0.583,Bam Adebayo,2021-22,18.7,3.2,10.2,1.1,0.3,2.9,18.0,32.9,0.519,0.5
Ben Simmons,2017-18,15.8,8.2,8.1,1.7,0.9,3.4,81.0,33.7,0.545,Chris Paul,2012-13,16.9,9.7,3.7,2.4,0.1,2.3,70.0,33.4,0.481,0.0
Chris Paul,2012-13,16.9,9.7,3.7,2.4,0.1,2.3,70.0,33.4,0.481,Ben Simmons,2017-18,15.8,8.2,8.1,1.7,0.9,3.4,81.0,33.7,0.545,1.0
Ben Simmons,2017-18,15.8,8.2,8.1,1.7,0.9,3.4,81.0,33.7,0.545,Jimmy Butler,2013-14,13.1,2.6,4.9,1.9,0.5,1.5,67.0,38.7,0.397,1.0
Jimmy Butler,2013-14,13.1,2.6,4.9,1.9,0.5,1.5,67.0,38.7,0.397,Ben Simmons,2017-18,15.8,8.2,8.1,1.7,0.9,3.4,81.0,33.7,0.545,0.0
Ben Simmons,2018-19,16.9,7.7,8.8,1.4,0.8,3.5,79.0,34.2,0.563,Kawhi Leonard,2017-18,16.2,2.3,4.7,2.0,1.0,1.8,9.0,23.3,0.468,0.0
Kawhi Leonard,2017-18,16.2,2.3,4.7,2.0,1.0,1.8,9.0,23.3,0.468,Ben Simmons,2018-19,16.9,7.7,8.8,1.4,0.8,3.5,79.0,34.2,0.563,1.0
Ben Simmons,2018-19,16.9,7.7,8.8,1.4,0.8,3.5,79.0,34.2,0.563,Paul George,2020-21,23.3,5.2,6.6,1.1,0.4,3.3,54.0,33.7,0.467,0.0
Paul George,2020-21,23.3,5.2,6.6,1.1,0.4,3.3,54.0,33.7,0.467,Ben Simmons,2018-19,16.9,7.7,8.8,1.4,0.8,3.5,79.0,34.2,0.563,1.0
Ben Simmons,2020-21,14.3,6.9,7.2,1.6,0.6,3.0,58.0,32.4,0.557,Kevin Durant,2011-12,28.0,3.5,8.0,1.3,1.2,3.8,66.0,38.6,0.496,1.0
Kevin Durant,2011-12,28.0,3.5,8.0,1.3,1.2,3.8,66.0,38.6,0.496,Ben Simmons,2020-21,14.3,6.9,7.2,1.6,0.6,3.0,58.0,32.4,0.557,0.0
Bradley Beal,2012-13,13.9,2.4,3.8,0.9,0.5,1.6,56.0,31.2,0.41,Dirk Nowitzki,2016-17,14.2,1.5,6.5,0.6,0.7,0.9,54.0,26.4,0.437,0.6666666666666666
Dirk Nowitzki,2016-17,14.2,1.5,6.5,0.6,0.7,0.9,54.0,26.4,0.437,Bradley Beal,2012-13,13.9,2.4,3.8,0.9,0.5,1.6,56.0,31.2,0.41,0.33333333333333337
Bradley Beal,2014-15,15.3,3.1,3.8,1.2,0.3,2.0,63.0,33.4,0.427,Dwyane Wade,2007-08,24.6,6.9,4.2,1.7,0.7,4.4,51.0,38.3,0.469,1.0
Dwyane Wade,2007-08,24.6,6.9,4.2,1.7,0.7,4.4,51.0,38.3,0.469,Bradley Beal,2014-15,15.3,3.1,3.8,1.2,0.3,2.0,63.0,33.4,0.427,0.0
Bradley Beal,2014-15,15.3,3.1,3.8,1.2,0.3,2.0,63.0,33.4,0.427,Karl-Anthony Towns,2015-16,18.3,2.0,10.5,0.7,1.7,2.2,82.0,32.0,0.542,0.6666666666666666
Karl-Anthony Towns,2015-16,18.3,2.0,10.5,0.7,1.7,2.2,82.0,32.0,0.542,Bradley Beal,2014-15,15.3,3.1,3.8,1.2,0.3,2.0,63.0,33.4,0.427,0.33333333333333337
Bradley Beal,2014-15,15.3,3.1,3.8,1.2,0.3,2.0,63.0,33.4,0.427,Kevin Durant,2021-22,28.6,5.5,7.7,0.6,0.7,3.0,22.0,36.0,0.533,0.0
Kevin Durant,2021-22,28.6,5.5,7.7,0.6,0.7,3.0,22.0,36.0,0.533,Bradley Beal,2014-15,15.3,3.1,3.8,1.2,0.3,2.0,63.0,33.4,0.427,1.0
Bradley Beal,2015-16,17.4,2.9,3.4,1.0,0.2,2.0,55.0,31.1,0.449,Donovan Mitchell,2017-18,20.5,3.7,3.7,1.5,0.3,2.7,79.0,33.4,0.437,1.0
Donovan Mitchell,2017-18,20.5,3.7,3.7,1.5,0.3,2.7,79.0,33.4,0.437,Bradley Beal,2015-16,17.4,2.9,3.4,1.0,0.2,2.0,55.0,31.1,0.449,0.0
Bradley Beal,2016-17,23.1,3.5,3.1,1.1,0.3,2.0,77.0,34.9,0.482,Jaylen Brown,2018-19,13.0,1.4,4.2,0.9,0.4,1.3,74.0,25.9,0.465,0.0
Jaylen Brown,2018-19,13.0,1.4,4.2,0.9,0.4,1.3,74.0,25.9,0.465,Bradley Beal,2016-17,23.1,3.5,3.1,1.1,0.3,2.0,77.0,34.9,0.482,1.0
Bradley Beal,2016-17,23.1,3.5,3.1,1.1,0.3,2.0,77.0,34.9,0.482,Stephen Curry,2014-15,23.8,7.7,4.3,2.0,0.2,3.1,80.0,32.7,0.487,0.25
Stephen Curry,2014-15,23.8,7.7,4.3,2.0,0.2,3.1,80.0,32.7,0.487,Bradley Beal,2016-17,23.1,3.5,3.1,1.1,0.3,2.0,77.0,34.9,0.482,0.75
Bradley Beal,2017-18,22.6,4.5,4.4,1.2,0.4,2.6,82.0,36.3,0.46,Chris Paul,2016-17,18.1,9.2,5.0,2.0,0.1,2.4,61.0,31.5,0.476,0.3333333333333333
Chris Paul,2016-17,18.1,9.2,5.0,2.0,0.1,2.4,61.0,31.5,0.476,Bradley Beal,2017-18,22.6,4.5,4.4,1.2,0.4,2.6,82.0,36.3,0.46,0.6666666666666667
Bradley Beal,2018-19,25.6,5.5,5.0,1.5,0.7,2.7,82.0,36.9,0.475,Kyrie Irving,2012-13,22.5,5.9,3.7,1.5,0.4,3.2,59.0,34.7,0.452,0.5
Kyrie Irving,2012-13,22.5,5.9,3.7,1.5,0.4,3.2,59.0,34.7,0.452,Bradley Beal,2018-19,25.6,5.5,5.0,1.5,0.7,2.7,82.0,36.9,0.475,0.5
Bradley Beal,2018-19,25.6,5.5,5.0,1.5,0.7,2.7,82.0,36.9,0.475,Stephen Curry,2011-12,14.7,5.3,3.4,1.5,0.3,2.5,26.0,28.2,0.49,0.0
Stephen Curry,2011-12,14.7,5.3,3.4,1.5,0.3,2.5,26.0,28.2,0.49,Bradley Beal,2018-19,25.6,5.5,5.0,1.5,0.7,2.7,82.0,36.9,0.475,1.0
Bradley Beal,2019-20,30.5,6.1,4.2,1.2,0.4,3.4,57.0,36.0,0.455,Jayson Tatum,2018-19,15.7,2.1,6.0,1.1,0.7,1.5,79.0,31.1,0.45,0.5
Jayson Tatum,2018-19,15.7,2.1,6.0,1.1,0.7,1.5,79.0,31.1,0.45,Bradley Beal,2019-20,30.5,6.1,4.2,1.2,0.4,3.4,57.0,36.0,0.455,0.5
Bradley Beal,2020-21,31.3,4.4,4.7,1.2,0.4,3.1,60.0,35.8,0.485,Tim Duncan,2002-03,23.3,3.9,12.9,0.7,2.9,3.1,81.0,39.3,0.513,1.0
Tim Duncan,2002-03,23.3,3.9,12.9,0.7,2.9,3.1,81.0,39.3,0.513,Bradley Beal,2020-21,31.3,4.4,4.7,1.2,0.4,3.1,60.0,35.8,0.485,0.0
Bradley Beal,2021-22,22.5,5.9,4.7,0.9,0.3,3.4,22.0,35.7,0.437,Devin Booker,2017-18,24.9,4.7,4.5,0.9,0.3,3.6,54.0,34.5,0.432,0.4
Devin Booker,2017-18,24.9,4.7,4.5,0.9,0.3,3.6,54.0,34.5,0.432,Bradley Beal,2021-22,22.5,5.9,4.7,0.9,0.3,3.4,22.0,35.7,0.437,0.6
Bradley Beal,2021-22,22.5,5.9,4.7,0.9,0.3,3.4,22.0,35.7,0.437,Donovan Mitchell,2018-19,23.8,4.2,4.1,1.4,0.4,2.8,77.0,33.7,0.432,0.3333333333333333
Donovan Mitchell,2018-19,23.8,4.2,4.1,1.4,0.4,2.8,77.0,33.7,0.432,Bradley Beal,2021-22,22.5,5.9,4.7,0.9,0.3,3.4,22.0,35.7,0.437,0.6666666666666667
Bradley Beal,2021-22,22.5,5.9,4.7,0.9,0.3,3.4,22.0,35.7,0.437,Stephen Curry,2012-13,22.9,6.9,4.0,1.6,0.2,3.1,78.0,38.2,0.451,0.6666666666666666
Stephen Curry,2012-13,22.9,6.9,4.0,1.6,0.2,3.1,78.0,38.2,0.451,Bradley Beal,2021-22,22.5,5.9,4.7,0.9,0.3,3.4,22.0,35.7,0.437,0.33333333333333337
Chris Paul,2005-06,16.1,7.8,5.1,2.2,0.1,2.3,78.0,36.0,0.43,Damian Lillard,2021-22,21.5,7.8,4.0,0.7,0.4,2.6,20.0,35.7,0.397,0.0
Damian Lillard,2021-22,21.5,7.8,4.0,0.7,0.4,2.6,20.0,35.7,0.397,Chris Paul,2005-06,16.1,7.8,5.1,2.2,0.1,2.3,78.0,36.0,0.43,1.0
Chris Paul,2006-07,17.3,8.9,4.4,1.8,0.0,2.5,64.0,36.8,0.437,Damian Lillard,2016-17,27.0,5.9,4.9,0.9,0.3,2.6,75.0,35.9,0.444,1.0
Damian Lillard,2016-17,27.0,5.9,4.9,0.9,0.3,2.6,75.0,35.9,0.444,Chris Paul,2006-07,17.3,8.9,4.4,1.8,0.0,2.5,64.0,36.8,0.437,0.0
Chris Paul,2007-08,21.1,11.6,4.0,2.7,0.1,2.5,80.0,37.6,0.488,Devin Booker,2016-17,22.1,3.4,3.2,0.9,0.3,3.1,78.0,35.0,0.423,0.5
Devin Booker,2016-17,22.1,3.4,3.2,0.9,0.3,3.1,78.0,35.0,0.423,Chris Paul,2007-08,21.1,11.6,4.0,2.7,0.1,2.5,80.0,37.6,0.488,0.5
Chris Paul,2008-09,22.8,11.0,5.5,2.8,0.1,3.0,78.0,38.5,0.503,Rudy Gobert,2017-18,13.5,1.4,10.7,0.8,2.3,1.9,56.0,32.4,0.622,1.0
Rudy Gobert,2017-18,13.5,1.4,10.7,0.8,2.3,1.9,56.0,32.4,0.622,Chris Paul,2008-09,22.8,11.0,5.5,2.8,0.1,3.0,78.0,38.5,0.503,0.0
Chris Paul,2009-10,18.7,10.7,4.2,2.1,0.2,2.5,45.0,38.0,0.493,Kobe Bryant,1998-99,19.9,3.8,5.3,1.4,1.0,3.1,50.0,37.9,0.465,1.0
Kobe Bryant,1998-99,19.9,3.8,5.3,1.4,1.0,3.1,50.0,37.9,0.465,Chris Paul,2009-10,18.7,10.7,4.2,2.1,0.2,2.5,45.0,38.0,0.493,0.0
Chris Paul,2009-10,18.7,10.7,4.2,2.1,0.2,2.5,45.0,38.0,0.493,Paul George,2015-16,23.1,4.1,7.0,1.9,0.4,3.3,81.0,34.8,0.418,0.25
Paul George,2015-16,23.1,4.1,7.0,1.9,0.4,3.3,81.0,34.8,0.418,Chris Paul,2009-10,18.7,10.7,4.2,2.1,0.2,2.5,45.0,38.0,0.493,0.75
Chris Paul,2010-11,15.9,9.8,4.1,2.4,0.1,2.2,80.0,36.0,0.463,Luka Dončić,2020-21,27.7,8.6,8.0,1.0,0.5,4.3,66.0,34.3,0.479,0.3333333333333333
Luka Dončić,2020-21,27.7,8.6,8.0,1.0,0.5,4.3,66.0,34.3,0.479,Chris Paul,2010-11,15.9,9.8,4.1,2.4,0.1,2.2,80.0,36.0,0.463,0.6666666666666667
Chris Paul,2011-12,19.8,9.1,3.6,2.5,0.1,2.1,60.0,36.4,0.478,Kevin Durant,2008-09,25.3,2.8,6.5,1.3,0.7,3.0,74.0,39.0,0.476,0.0
Kevin Durant,2008-09,25.3,2.8,6.5,1.3,0.7,3.0,74.0,39.0,0.476,Chris Paul,2011-12,19.8,9.1,3.6,2.5,0.1,2.1,60.0,36.4,0.478,1.0
Chris Paul,2011-12,19.8,9.1,3.6,2.5,0.1,2.1,60.0,36.4,0.478,Zion Williamson,2019-20,22.5,2.1,6.3,0.7,0.4,2.5,24.0,27.8,0.583,1.0
Zion Williamson,2019-20,22.5,2.1,6.3,0.7,0.4,2.5,24.0,27.8,0.583,Chris Paul,2011-12,19.8,9.1,3.6,2.5,0.1,2.1,60.0,36.4,0.478,0.0
Chris Paul,2013-14,19.1,10.7,4.3,2.5,0.1,2.3,62.0,35.0,0.467,Rudy Gobert,2021-22,14.9,1.0,14.7,1.0,2.3,2.0,23.0,31.9,0.731,0.6666666666666666
Rudy Gobert,2021-22,14.9,1.0,14.7,1.0,2.3,2.0,23.0,31.9,0.731,Chris Paul,2013-14,19.1,10.7,4.3,2.5,0.1,2.3,62.0,35.0,0.467,0.33333333333333337
Chris Paul,2014-15,19.1,10.2,4.6,1.9,0.2,2.3,82.0,34.8,0.485,Kawhi Leonard,2013-14,12.8,2.0,6.2,1.7,0.8,1.2,66.0,29.1,0.522,0.25
Kawhi Leonard,2013-14,12.8,2.0,6.2,1.7,0.8,1.2,66.0,29.1,0.522,Chris Paul,2014-15,19.1,10.2,4.6,1.9,0.2,2.3,82.0,34.8,0.485,0.75
Chris Paul,2016-17,18.1,9.2,5.0,2.0,0.1,2.4,61.0,31.5,0.476,Giannis Antetokounmpo,2017-18,26.9,4.8,10.0,1.5,1.4,3.0,75.0,36.7,0.529,0.0
Giannis Antetokounmpo,2017-18,26.9,4.8,10.0,1.5,1.4,3.0,75.0,36.7,0.529,Chris Paul,2016-17,18.1,9.2,5.0,2.0,0.1,2.4,61.0,31.5,0.476,1.0
Chris Paul,2018-19,15.6,8.2,4.6,2.0,0.3,2.6,58.0,32.0,0.419,Stephen Curry,2021-22,27.5,6.5,5.7,1.8,0.5,3.1,22.0,34.4,0.437,1.0
Stephen Curry,2021-22,27.5,6.5,5.7,1.8,0.5,3.1,22.0,34.4,0.437,Chris Paul,2018-19,15.6,8.2,4.6,2.0,0.3,2.6,58.0,32.0,0.419,0.0
Chris Paul,2019-20,17.6,6.7,5.0,1.6,0.2,2.3,70.0,31.5,0.489,Jimmy Butler,2017-18,22.2,4.9,5.3,2.0,0.4,1.8,59.0,36.7,0.474,0.0
Jimmy Butler,2017-18,22.2,4.9,5.3,2.0,0.4,1.8,59.0,36.7,0.474,Chris Paul,2019-20,17.6,6.7,5.0,1.6,0.2,2.3,70.0,31.5,0.489,1.0
Damian Lillard,2012-13,19.0,6.5,3.1,0.9,0.2,3.0,82.0,38.6,0.429,Kevin Durant,2021-22,28.6,5.5,7.7,0.6,0.7,3.0,22.0,36.0,0.533,1.0
Kevin Durant,2021-22,28.6,5.5,7.7,0.6,0.7,3.0,22.0,36.0,0.533,Damian Lillard,2012-13,19.0,6.5,3.1,0.9,0.2,3.0,82.0,38.6,0.429,0.0
Damian Lillard,2013-14,20.7,5.6,3.5,0.8,0.3,2.4,82.0,35.8,0.424,Dwyane Wade,2008-09,30.2,7.5,5.0,2.2,1.3,3.4,79.0,38.6,0.491,0.0
Dwyane Wade,2008-09,30.2,7.5,5.0,2.2,1.3,3.4,79.0,38.6,0.491,Damian Lillard,2013-14,20.7,5.6,3.5,0.8,0.3,2.4,82.0,35.8,0.424,1.0
Damian Lillard,2013-14,20.7,5.6,3.5,0.8,0.3,2.4,82.0,35.8,0.424,Tim Duncan,2009-10,17.9,3.2,10.1,0.6,1.5,1.8,78.0,31.3,0.518,0.6666666666666666
Tim Duncan,2009-10,17.9,3.2,10.1,0.6,1.5,1.8,78.0,31.3,0.518,Damian Lillard,2013-14,20.7,5.6,3.5,0.8,0.3,2.4,82.0,35.8,0.424,0.33333333333333337
Damian Lillard,2014-15,21.0,6.2,4.6,1.2,0.3,2.7,82.0,35.7,0.434,Dirk Nowitzki,2012-13,17.3,2.5,6.8,0.7,0.7,1.3,53.0,31.3,0.471,0.5
Dirk Nowitzki,2012-13,17.3,2.5,6.8,0.7,0.7,1.3,53.0,31.3,0.471,Damian Lillard,2014-15,21.0,6.2,4.6,1.2,0.3,2.7,82.0,35.7,0.434,0.5
Damian Lillard,2014-15,21.0,6.2,4.6,1.2,0.3,2.7,82.0,35.7,0.434,Kobe Bryant,2003-04,24.0,5.1,5.5,1.7,0.4,2.6,65.0,37.6,0.438,1.0
Kobe Bryant,2003-04,24.0,5.1,5.5,1.7,0.4,2.6,65.0,37.6,0.438,Damian Lillard,2014-15,21.0,6.2,4.6,1.2,0.3,2.7,82.0,35.7,0.434,0.0
Damian Lillard,2015-16,25.1,6.8,4.0,0.9,0.4,3.2,75.0,35.7,0.419,Nikola Jokić,2017-18,18.5,6.1,10.7,1.2,0.8,2.8,75.0,32.6,0.499,0.5
Nikola Jokić,2017-18,18.5,6.1,10.7,1.2,0.8,2.8,75.0,32.6,0.499,Damian Lillard,2015-16,25.1,6.8,4.0,0.9,0.4,3.2,75.0,35.7,0.419,0.5
Damian Lillard,2015-16,25.1,6.8,4.0,0.9,0.4,3.2,75.0,35.7,0.419,Paul George,2016-17,23.7,3.3,6.6,1.6,0.4,2.9,75.0,35.9,0.461,0.6666666666666666
Paul George,2016-17,23.7,3.3,6.6,1.6,0.4,2.9,75.0,35.9,0.461,Damian Lillard,2015-16,25.1,6.8,4.0,0.9,0.4,3.2,75.0,35.7,0.419,0.33333333333333337
Damian Lillard,2015-16,25.1,6.8,4.0,0.9,0.4,3.2,75.0,35.7,0.419,Paul George,2017-18,21.9,3.3,5.7,2.0,0.5,2.7,79.0,36.6,0.43,0.0
Paul George,2017-18,21.9,3.3,5.7,2.0,0.5,2.7,79.0,36.6,0.43,Damian Lillard,2015-16,25.1,6.8,4.0,0.9,0.4,3.2,75.0,35.7,0.419,1.0
Damian Lillard,2016-17,27.0,5.9,4.9,0.9,0.3,2.6,75.0,35.9,0.444,Stephen Curry,2012-13,22.9,6.9,4.0,1.6,0.2,3.1,78.0,38.2,0.451,0.0
Stephen Curry,2012-13,22.9,6.9,4.0,1.6,0.2,3.1,78.0,38.2,0.451,Damian Lillard,2016-17,27.0,5.9,4.9,0.9,0.3,2.6,75.0,35.9,0.444,1.0
Damian Lillard,2017-18,26.9,6.6,4.5,1.1,0.4,2.8,73.0,36.6,0.439,Donovan Mitchell,2021-22,24.2,5.1,4.1,1.7,0.2,3.0,22.0,32.5,0.446,0.5
Donovan Mitchell,2021-22,24.2,5.1,4.1,1.7,0.2,3.0,22.0,32.5,0.446,Damian Lillard,2017-18,26.9,6.6,4.5,1.1,0.4,2.8,73.0,36.6,0.439,0.5
Damian Lillard,2017-18,26.9,6.6,4.5,1.1,0.4,2.8,73.0,36.6,0.439,Jayson Tatum,2017-18,13.9,1.6,5.0,1.0,0.7,1.4,80.0,30.5,0.475,0.0
Jayson Tatum,2017-18,13.9,1.6,5.0,1.0,0.7,1.4,80.0,30.5,0.475,Damian Lillard,2017-18,26.9,6.6,4.5,1.1,0.4,2.8,73.0,36.6,0.439,1.0
Damian Lillard,2017-18,26.9,6.6,4.5,1.1,0.4,2.8,73.0,36.6,0.439,Jayson Tatum,2020-21,26.4,4.3,7.4,1.2,0.5,2.7,64.0,35.8,0.459,0.0
Jayson Tatum,2020-21,26.4,4.3,7.4,1.2,0.5,2.7,64.0,35.8,0.459,Damian Lillard,2017-18,26.9,6.6,4.5,1.1,0.4,2.8,73.0,36.6,0.439,1.0
Damian Lillard,2017-18,26.9,6.6,4.5,1.1,0.4,2.8,73.0,36.6,0.439,Luka Dončić,2019-20,28.8,8.8,9.4,1.0,0.2,4.3,61.0,33.6,0.463,0.4
Luka Dončić,2019-20,28.8,8.8,9.4,1.0,0.2,4.3,61.0,33.6,0.463,Damian Lillard,2017-18,26.9,6.6,4.5,1.1,0.4,2.8,73.0,36.6,0.439,0.6
Damian Lillard,2018-19,25.8,6.9,4.6,1.1,0.4,2.7,80.0,35.5,0.444,Karl-Anthony Towns,2018-19,24.4,3.4,12.4,0.9,1.6,3.1,77.0,33.1,0.518,1.0
Karl-Anthony Towns,2018-19,24.4,3.4,12.4,0.9,1.6,3.1,77.0,33.1,0.518,Damian Lillard,2018-19,25.8,6.9,4.6,1.1,0.4,2.7,80.0,35.5,0.444,0.0
Damian Lillard,2018-19,25.8,6.9,4.6,1.1,0.4,2.7,80.0,35.5,0.444,Kyrie Irving,2013-14,20.8,6.1,3.6,1.5,0.3,2.7,71.0,35.2,0.43,0.6666666666666666
Kyrie Irving,2013-14,20.8,6.1,3.6,1.5,0.3,2.7,71.0,35.2,0.43,Damian Lillard,2018-19,25.8,6.9,4.6,1.1,0.4,2.7,80.0,35.5,0.444,0.33333333333333337
Damian Lillard,2018-19,25.8,6.9,4.6,1.1,0.4,2.7,80.0,35.5,0.444,Luka Dončić,2019-20,28.8,8.8,9.4,1.0,0.2,4.3,61.0,33.6,0.463,0.0
Luka Dončić,2019-20,28.8,8.8,9.4,1.0,0.2,4.3,61.0,33.6,0.463,Damian Lillard,2018-19,25.8,6.9,4.6,1.1,0.4,2.7,80.0,35.5,0.444,1.0
Damian Lillard,2018-19,25.8,6.9,4.6,1.1,0.4,2.7,80.0,35.5,0.444,Rudy Gobert,2021-22,14.9,1.0,14.7,1.0,2.3,2.0,23.0,31.9,0.731,0.0
Rudy Gobert,2021-22,14.9,1.0,14.7,1.0,2.3,2.0,23.0,31.9,0.731,Damian Lillard,2018-19,25.8,6.9,4.6,1.1,0.4,2.7,80.0,35.5,0.444,1.0
Damian Lillard,2019-20,30.0,8.0,4.3,1.1,0.3,2.9,66.0,37.5,0.463,Devin Booker,2017-18,24.9,4.7,4.5,0.9,0.3,3.6,54.0,34.5,0.432,0.5
Devin Booker,2017-18,24.9,4.7,4.5,0.9,0.3,3.6,54.0,34.5,0.432,Damian Lillard,2019-20,30.0,8.0,4.3,1.1,0.3,2.9,66.0,37.5,0.463,0.5
Damian Lillard,2019-20,30.0,8.0,4.3,1.1,0.3,2.9,66.0,37.5,0.463,Stephen Curry,2011-12,14.7,5.3,3.4,1.5,0.3,2.5,26.0,28.2,0.49,0.0
Stephen Curry,2011-12,14.7,5.3,3.4,1.5,0.3,2.5,26.0,28.2,0.49,Damian Lillard,2019-20,30.0,8.0,4.3,1.1,0.3,2.9,66.0,37.5,0.463,1.0
Damian Lillard,2020-21,28.8,7.5,4.2,0.9,0.3,3.0,67.0,35.8,0.451,Devin Booker,2018-19,26.6,6.8,4.1,0.9,0.2,4.1,64.0,35.0,0.467,1.0
Devin Booker,2018-19,26.6,6.8,4.1,0.9,0.2,4.1,64.0,35.0,0.467,Damian Lillard,2020-21,28.8,7.5,4.2,0.9,0.3,3.0,67.0,35.8,0.451,0.0
Damian Lillard,2020-21,28.8,7.5,4.2,0.9,0.3,3.0,67.0,35.8,0.451,LeBron James,2016-17,26.4,8.7,8.6,1.2,0.6,4.1,74.0,37.8,0.548,0.0
LeBron James,2016-17,26.4,8.7,8.6,1.2,0.6,4.1,74.0,37.8,0.548,Damian Lillard,2020-21,28.8,7.5,4.2,0.9,0.3,3.0,67.0,35.8,0.451,1.0
Damian Lillard,2020-21,28.8,7.5,4.2,0.9,0.3,3.0,67.0,35.8,0.451,Stephen Curry,2020-21,32.0,5.8,5.5,1.2,0.1,3.4,63.0,34.2,0.482,0.0
Stephen Curry,2020-21,32.0,5.8,5.5,1.2,0.1,3.4,63.0,34.2,0.482,Damian Lillard,2020-21,28.8,7.5,4.2,0.9,0.3,3.0,67.0,35.8,0.451,1.0
Damian Lillard,2021-22,21.5,7.8,4.0,0.7,0.4,2.6,20.0,35.7,0.397,Kawhi Leonard,2012-13,11.9,1.6,6.0,1.7,0.6,1.1,58.0,31.2,0.494,0.0
Kawhi Leonard,2012-13,11.9,1.6,6.0,1.7,0.6,1.1,58.0,31.2,0.494,Damian Lillard,2021-22,21.5,7.8,4.0,0.7,0.4,2.6,20.0,35.7,0.397,1.0
Devin Booker,2015-16,13.8,2.6,2.5,0.6,0.3,2.1,76.0,27.7,0.423,Donovan Mitchell,2017-18,20.5,3.7,3.7,1.5,0.3,2.7,79.0,33.4,0.437,1.0
Donovan Mitchell,2017-18,20.5,3.7,3.7,1.5,0.3,2.7,79.0,33.4,0.437,Devin Booker,2015-16,13.8,2.6,2.5,0.6,0.3,2.1,76.0,27.7,0.423,0.0
Devin Booker,2015-16,13.8,2.6,2.5,0.6,0.3,2.1,76.0,27.7,0.423,Stephen Curry,2018-19,27.3,5.2,5.3,1.3,0.4,2.8,69.0,33.8,0.472,0.0
Stephen Curry,2018-19,27.3,5.2,5.3,1.3,0.4,2.8,69.0,33.8,0.472,Devin Booker,2015-16,13.8,2.6,2.5,0.6,0.3,2.1,76.0,27.7,0.423,1.0
Devin Booker,2016-17,22.1,3.4,3.2,0.9,0.3,3.1,78.0,35.0,0.423,Donovan Mitchell,2019-20,24.0,4.3,4.4,1.0,0.2,2.7,69.0,34.3,0.449,1.0
Donovan Mitchell,2019-20,24.0,4.3,4.4,1.0,0.2,2.7,69.0,34.3,0.449,Devin Booker,2016-17,22.1,3.4,3.2,0.9,0.3,3.1,78.0,35.0,0.423,0.0
Devin Booker,2016-17,22.1,3.4,3.2,0.9,0.3,3.1,78.0,35.0,0.423,James Harden,2021-22,20.6,9.5,7.9,1.5,0.7,4.8,23.0,35.7,0.403,0.0
James Harden,2021-22,20.6,9.5,7.9,1.5,0.7,4.8,23.0,35.7,0.403,Devin Booker,2016-17,22.1,3.4,3.2,0.9,0.3,3.1,78.0,35.0,0.423,1.0
Devin Booker,2016-17,22.1,3.4,3.2,0.9,0.3,3.1,78.0,35.0,0.423,Kawhi Leonard,2013-14,12.8,2.0,6.2,1.7,0.8,1.2,66.0,29.1,0.522,0.0
Kawhi Leonard,2013-14,12.8,2.0,6.2,1.7,0.8,1.2,66.0,29.1,0.522,Devin Booker,2016-17,22.1,3.4,3.2,0.9,0.3,3.1,78.0,35.0,0.423,1.0
Devin Booker,2016-17,22.1,3.4,3.2,0.9,0.3,3.1,78.0,35.0,0.423,Stephen Curry,2014-15,23.8,7.7,4.3,2.0,0.2,3.1,80.0,32.7,0.487,0.25
Stephen Curry,2014-15,23.8,7.7,4.3,2.0,0.2,3.1,80.0,32.7,0.487,Devin Booker,2016-17,22.1,3.4,3.2,0.9,0.3,3.1,78.0,35.0,0.423,0.75
Devin Booker,2017-18,24.9,4.7,4.5,0.9,0.3,3.6,54.0,34.5,0.432,Donovan Mitchell,2018-19,23.8,4.2,4.1,1.4,0.4,2.8,77.0,33.7,0.432,0.0
Donovan Mitchell,2018-19,23.8,4.2,4.1,1.4,0.4,2.8,77.0,33.7,0.432,Devin Booker,2017-18,24.9,4.7,4.5,0.9,0.3,3.6,54.0,34.5,0.432,1.0
Devin Booker,2017-18,24.9,4.7,4.5,0.9,0.3,3.6,54.0,34.5,0.432,Dwyane Wade,2009-10,26.6,6.5,4.8,1.8,1.1,3.3,77.0,36.3,0.476,0.0
Dwyane Wade,2009-10,26.6,6.5,4.8,1.8,1.1,3.3,77.0,36.3,0.476,Devin Booker,2017-18,24.9,4.7,4.5,0.9,0.3,3.6,54.0,34.5,0.432,1.0
Devin Booker,2017-18,24.9,4.7,4.5,0.9,0.3,3.6,54.0,34.5,0.432,Karl-Anthony Towns,2020-21,24.8,4.5,10.6,0.8,1.1,3.2,50.0,33.8,0.486,0.4
Karl-Anthony Towns,2020-21,24.8,4.5,10.6,0.8,1.1,3.2,50.0,33.8,0.486,Devin Booker,2017-18,24.9,4.7,4.5,0.9,0.3,3.6,54.0,34.5,0.432,0.6
Devin Booker,2017-18,24.9,4.7,4.5,0.9,0.3,3.6,54.0,34.5,0.432,Kobe Bryant,2003-04,24.0,5.1,5.5,1.7,0.4,2.6,65.0,37.6,0.438,0.0
Kobe Bryant,2003-04,24.0,5.1,5.5,1.7,0.4,2.6,65.0,37.6,0.438,Devin Booker,2017-18,24.9,4.7,4.5,0.9,0.3,3.6,54.0,34.5,0.432,1.0
Devin Booker,2017-18,24.9,4.7,4.5,0.9,0.3,3.6,54.0,34.5,0.432,Luka Dončić,2018-19,21.2,6.0,7.8,1.1,0.3,3.4,72.0,32.2,0.427,0.0
Luka Dončić,2018-19,21.2,6.0,7.8,1.1,0.3,3.4,72.0,32.2,0.427,Devin Booker,2017-18,24.9,4.7,4.5,0.9,0.3,3.6,54.0,34.5,0.432,1.0
Devin Booker,2017-18,24.9,4.7,4.5,0.9,0.3,3.6,54.0,34.5,0.432,Paul George,2021-22,25.1,5.5,7.3,1.8,0.4,4.3,23.0,35.7,0.419,0.3333333333333333
Paul George,2021-22,25.1,5.5,7.3,1.8,0.4,4.3,23.0,35.7,0.419,Devin Booker,2017-18,24.9,4.7,4.5,0.9,0.3,3.6,54.0,34.5,0.432,0.6666666666666667
Devin Booker,2017-18,24.9,4.7,4.5,0.9,0.3,3.6,54.0,34.5,0.432,Zion Williamson,2019-20,22.5,2.1,6.3,0.7,0.4,2.5,24.0,27.8,0.583,0.0
Zion Williamson,2019-20,22.5,2.1,6.3,0.7,0.4,2.5,24.0,27.8,0.583,Devin Booker,2017-18,24.9,4.7,4.5,0.9,0.3,3.6,54.0,34.5,0.432,1.0
Devin Booker,2018-19,26.6,6.8,4.1,0.9,0.2,4.1,64.0,35.0,0.467,Jayson Tatum,2017-18,13.9,1.6,5.0,1.0,0.7,1.4,80.0,30.5,0.475,0.5
Jayson Tatum,2017-18,13.9,1.6,5.0,1.0,0.7,1.4,80.0,30.5,0.475,Devin Booker,2018-19,26.6,6.8,4.1,0.9,0.2,4.1,64.0,35.0,0.467,0.5
Devin Booker,2018-19,26.6,6.8,4.1,0.9,0.2,4.1,64.0,35.0,0.467,Zion Williamson,2020-21,27.0,3.7,7.2,0.9,0.6,2.7,61.0,33.2,0.611,1.0
Zion Williamson,2020-21,27.0,3.7,7.2,0.9,0.6,2.7,61.0,33.2,0.611,Devin Booker,2018-19,26.6,6.8,4.1,0.9,0.2,4.1,64.0,35.0,0.467,0.0
Devin Booker,2019-20,26.6,6.5,4.2,0.7,0.3,3.8,70.0,35.9,0.489,Jaylen Brown,2018-19,13.0,1.4,4.2,0.9,0.4,1.3,74.0,25.9,0.465,0.75
Jaylen Brown,2018-19,13.0,1.4,4.2,0.9,0.4,1.3,74.0,25.9,0.465,Devin Booker,2019-20,26.6,6.5,4.2,0.7,0.3,3.8,70.0,35.9,0.489,0.25
Devin Booker,2019-20,26.6,6.5,4.2,0.7,0.3,3.8,70.0,35.9,0.489,Jimmy Butler,2012-13,8.6,1.4,4.0,1.0,0.4,0.8,82.0,26.0,0.467,0.75
Jimmy Butler,2012-13,8.6,1.4,4.0,1.0,0.4,0.8,82.0,26.0,0.467,Devin Booker,2019-20,26.6,6.5,4.2,0.7,0.3,3.8,70.0,35.9,0.489,0.25
Devin Booker,2019-20,26.6,6.5,4.2,0.7,0.3,3.8,70.0,35.9,0.489,Joel Embiid,2019-20,23.0,3.0,11.6,0.9,1.3,3.1,51.0,29.5,0.477,1.0
Joel Embiid,2019-20,23.0,3.0,11.6,0.9,1.3,3.1,51.0,29.5,0.477,Devin Booker,2019-20,26.6,6.5,4.2,0.7,0.3,3.8,70.0,35.9,0.489,0.0
Devin Booker,2019-20,26.6,6.5,4.2,0.7,0.3,3.8,70.0,35.9,0.489,Zion Williamson,2020-21,27.0,3.7,7.2,0.9,0.6,2.7,61.0,33.2,0.611,1.0
Zion Williamson,2020-21,27.0,3.7,7.2,0.9,0.6,2.7,61.0,33.2,0.611,Devin Booker,2019-20,26.6,6.5,4.2,0.7,0.3,3.8,70.0,35.9,0.489,0.0
Devin Booker,2020-21,25.6,4.3,4.2,0.8,0.2,3.1,67.0,33.9,0.484,Rudy Gobert,2017-18,13.5,1.4,10.7,0.8,2.3,1.9,56.0,32.4,0.622,0.6666666666666666
Rudy Gobert,2017-18,13.5,1.4,10.7,0.8,2.3,1.9,56.0,32.4,0.622,Devin Booker,2020-21,25.6,4.3,4.2,0.8,0.2,3.1,67.0,33.9,0.484,0.33333333333333337
Devin Booker,2021-22,23.2,4.5,4.9,0.9,0.2,2.7,21.0,32.2,0.458,James Harden,2012-13,25.9,5.8,4.9,1.8,0.5,3.8,78.0,38.3,0.438,0.3333333333333333
James Harden,2012-13,25.9,5.8,4.9,1.8,0.5,3.8,78.0,38.3,0.438,Devin Booker,2021-22,23.2,4.5,4.9,0.9,0.2,2.7,21.0,32.2,0.458,0.6666666666666667
Devin Booker,2021-22,23.2,4.5,4.9,0.9,0.2,2.7,21.0,32.2,0.458,Jaylen Brown,2018-19,13.0,1.4,4.2,0.9,0.4,1.3,74.0,25.9,0.465,0.6666666666666666
Jaylen Brown,2018-19,13.0,1.4,4.2,0.9,0.4,1.3,74.0,25.9,0.465,Devin Booker,2021-22,23.2,4.5,4.9,0.9,0.2,2.7,21.0,32.2,0.458,0.33333333333333337
Devin Booker,2021-22,23.2,4.5,4.9,0.9,0.2,2.7,21.0,32.2,0.458,Kawhi Leonard,2017-18,16.2,2.3,4.7,2.0,1.0,1.8,9.0,23.3,0.468,0.0
Kawhi Leonard,2017-18,16.2,2.3,4.7,2.0,1.0,1.8,9.0,23.3,0.468,Devin Booker,2021-22,23.2,4.5,4.9,0.9,0.2,2.7,21.0,32.2,0.458,1.0
Devin Booker,2021-22,23.2,4.5,4.9,0.9,0.2,2.7,21.0,32.2,0.458,Paul George,2016-17,23.7,3.3,6.6,1.6,0.4,2.9,75.0,35.9,0.461,0.0
Paul George,2016-17,23.7,3.3,6.6,1.6,0.4,2.9,75.0,35.9,0.461,Devin Booker,2021-22,23.2,4.5,4.9,0.9,0.2,2.7,21.0,32.2,0.458,1.0
Devin Booker,2021-22,23.2,4.5,4.9,0.9,0.2,2.7,21.0,32.2,0.458,Rudy Gobert,2020-21,14.3,1.3,13.5,0.6,2.7,1.7,71.0,30.8,0.675,1.0
Rudy Gobert,2020-21,14.3,1.3,13.5,0.6,2.7,1.7,71.0,30.8,0.675,Devin Booker,2021-22,23.2,4.5,4.9,0.9,0.2,2.7,21.0,32.2,0.458,0.0
Dirk Nowitzki,1998-99,8.2,1.0,3.4,0.6,0.6,1.6,47.0,20.4,0.405,Kyrie Irving,2013-14,20.8,6.1,3.6,1.5,0.3,2.7,71.0,35.2,0.43,0.6666666666666666
Kyrie Irving,2013-14,20.8,6.1,3.6,1.5,0.3,2.7,71.0,35.2,0.43,Dirk Nowitzki,1998-99,8.2,1.0,3.4,0.6,0.6,1.6,47.0,20.4,0.405,0.33333333333333337
Dirk Nowitzki,1999-00,17.5,2.5,6.5,0.8,0.8,1.7,82.0,35.8,0.461,Jayson Tatum,2020-21,26.4,4.3,7.4,1.2,0.5,2.7,64.0,35.8,0.459,0.6666666666666666
Jayson Tatum,2020-21,26.4,4.3,7.4,1.2,0.5,2.7,64.0,35.8,0.459,Dirk Nowitzki,1999-00,17.5,2.5,6.5,0.8,0.8,1.7,82.0,35.8,0.461,0.33333333333333337
Dirk Nowitzki,2002-03,25.1,3.0,9.9,1.4,1.0,1.9,80.0,39.0,0.463,Kyrie Irving,2017-18,24.4,5.1,3.8,1.1,0.3,2.3,60.0,32.2,0.491,0.25
Kyrie Irving,2017-18,24.4,5.1,3.8,1.1,0.3,2.3,60.0,32.2,0.491,Dirk Nowitzki,2002-03,25.1,3.0,9.9,1.4,1.0,1.9,80.0,39.0,0.463,0.75
Dirk Nowitzki,2002-03,25.1,3.0,9.9,1.4,1.0,1.9,80.0,39.0,0.463,Stephen Curry,2011-12,14.7,5.3,3.4,1.5,0.3,2.5,26.0,28.2,0.49,0.75
Stephen Curry,2011-12,14.7,5.3,3.4,1.5,0.3,2.5,26.0,28.2,0.49,Dirk Nowitzki,2002-03,25.1,3.0,9.9,1.4,1.0,1.9,80.0,39.0,0.463,0.25
Dirk Nowitzki,2003-04,21.8,2.7,8.7,1.2,1.4,1.8,77.0,37.9,0.462,Paul George,2012-13,17.4,4.1,7.6,1.8,0.6,2.9,79.0,37.6,0.419,1.0
Paul George,2012-13,17.4,4.1,7.6,1.8,0.6,2.9,79.0,37.6,0.419,Dirk Nowitzki,2003-04,21.8,2.7,8.7,1.2,1.4,1.8,77.0,37.9,0.462,0.0
Dirk Nowitzki,2003-04,21.8,2.7,8.7,1.2,1.4,1.8,77.0,37.9,0.462,Zion Williamson,2020-21,27.0,3.7,7.2,0.9,0.6,2.7,61.0,33.2,0.611,0.5
Zion Williamson,2020-21,27.0,3.7,7.2,0.9,0.6,2.7,61.0,33.2,0.611,Dirk Nowitzki,2003-04,21.8,2.7,8.7,1.2,1.4,1.8,77.0,37.9,0.462,0.5
Dirk Nowitzki,2007-08,23.6,3.5,8.6,0.7,0.9,2.1,77.0,36.0,0.479,James Harden,2020-21,24.6,10.8,7.9,1.2,0.8,4.0,44.0,36.6,0.466,0.0
James Harden,2020-21,24.6,10.8,7.9,1.2,0.8,4.0,44.0,36.6,0.466,Dirk Nowitzki,2007-08,23.6,3.5,8.6,0.7,0.9,2.1,77.0,36.0,0.479,1.0
Dirk Nowitzki,2008-09,25.9,2.4,8.4,0.8,0.8,1.9,81.0,37.7,0.479,LeBron James,2013-14,27.1,6.3,6.9,1.6,0.3,3.5,77.0,37.7,0.567,0.0
LeBron James,2013-14,27.1,6.3,6.9,1.6,0.3,3.5,77.0,37.7,0.567,Dirk Nowitzki,2008-09,25.9,2.4,8.4,0.8,0.8,1.9,81.0,37.7,0.479,1.0
Dirk Nowitzki,2012-13,17.3,2.5,6.8,0.7,0.7,1.3,53.0,31.3,0.471,Rudy Gobert,2014-15,8.4,1.3,9.5,0.8,2.3,1.4,82.0,26.3,0.604,1.0
Rudy Gobert,2014-15,8.4,1.3,9.5,0.8,2.3,1.4,82.0,26.3,0.604,Dirk Nowitzki,2012-13,17.3,2.5,6.8,0.7,0.7,1.3,53.0,31.3,0.471,0.0
Dirk Nowitzki,2013-14,21.7,2.7,6.2,0.9,0.6,1.5,80.0,32.9,0.497,Dwyane Wade,2017-18,11.4,3.4,3.8,0.9,0.7,2.1,67.0,22.9,0.438,0.5
Dwyane Wade,2017-18,11.4,3.4,3.8,0.9,0.7,2.1,67.0,22.9,0.438,Dirk Nowitzki,2013-14,21.7,2.7,6.2,0.9,0.6,1.5,80.0,32.9,0.497,0.5
Dirk Nowitzki,2013-14,21.7,2.7,6.2,0.9,0.6,1.5,80.0,32.9,0.497,LeBron James,2012-13,26.8,7.3,8.0,1.7,0.9,3.0,76.0,37.9,0.565,0.25
LeBron James,2012-13,26.8,7.3,8.0,1.7,0.9,3.0,76.0,37.9,0.565,Dirk Nowitzki,2013-14,21.7,2.7,6.2,0.9,0.6,1.5,80.0,32.9,0.497,0.75
Dirk Nowitzki,2013-14,21.7,2.7,6.2,0.9,0.6,1.5,80.0,32.9,0.497,Luka Dončić,2019-20,28.8,8.8,9.4,1.0,0.2,4.3,61.0,33.6,0.463,1.0
Luka Dončić,2019-20,28.8,8.8,9.4,1.0,0.2,4.3,61.0,33.6,0.463,Dirk Nowitzki,2013-14,21.7,2.7,6.2,0.9,0.6,1.5,80.0,32.9,0.497,0.0
Dirk Nowitzki,2014-15,17.3,1.9,5.9,0.5,0.4,1.1,77.0,29.6,0.459,LeBron James,2006-07,27.3,6.0,6.7,1.6,0.7,3.2,78.0,40.9,0.476,1.0
LeBron James,2006-07,27.3,6.0,6.7,1.6,0.7,3.2,78.0,40.9,0.476,Dirk Nowitzki,2014-15,17.3,1.9,5.9,0.5,0.4,1.1,77.0,29.6,0.459,0.0
Dirk Nowitzki,2014-15,17.3,1.9,5.9,0.5,0.4,1.1,77.0,29.6,0.459,Stephen Curry,2016-17,25.3,6.6,4.5,1.8,0.2,3.0,79.0,33.4,0.468,1.0
Stephen Curry,2016-17,25.3,6.6,4.5,1.8,0.2,3.0,79.0,33.4,0.468,Dirk Nowitzki,2014-15,17.3,1.9,5.9,0.5,0.4,1.1,77.0,29.6,0.459,0.0
Dirk Nowitzki,2015-16,18.3,1.8,6.5,0.7,0.7,1.1,75.0,31.5,0.448,LeBron James,2021-22,25.6,6.8,5.7,1.8,0.7,3.7,12.0,36.9,0.475,1.0
LeBron James,2021-22,25.6,6.8,5.7,1.8,0.7,3.7,12.0,36.9,0.475,Dirk Nowitzki,2015-16,18.3,1.8,6.5,0.7,0.7,1.1,75.0,31.5,0.448,0.0
Dirk Nowitzki,2015-16,18.3,1.8,6.5,0.7,0.7,1.1,75.0,31.5,0.448,Stephen Curry,2019-20,20.8,6.6,5.2,1.0,0.4,3.2,5.0,27.8,0.402,0.0
Stephen Curry,2019-20,20.8,6.6,5.2,1.0,0.4,3.2,5.0,27.8,0.402,Dirk Nowitzki,2015-16,18.3,1.8,6.5,0.7,0.7,1.1,75.0,31.5,0.448,1.0
Dirk Nowitzki,2016-17,14.2,1.5,6.5,0.6,0.7,0.9,54.0,26.4,0.437,James Harden,2020-21,24.6,10.8,7.9,1.2,0.8,4.0,44.0,36.6,0.466,1.0
James Harden,2020-21,24.6,10.8,7.9,1.2,0.8,4.0,44.0,36.6,0.466,Dirk Nowitzki,2016-17,14.2,1.5,6.5,0.6,0.7,0.9,54.0,26.4,0.437,0.0
Donovan Mitchell,2017-18,20.5,3.7,3.7,1.5,0.3,2.7,79.0,33.4,0.437,Dwyane Wade,2009-10,26.6,6.5,4.8,1.8,1.1,3.3,77.0,36.3,0.476,0.0
Dwyane Wade,2009-10,26.6,6.5,4.8,1.8,1.1,3.3,77.0,36.3,0.476,Donovan Mitchell,2017-18,20.5,3.7,3.7,1.5,0.3,2.7,79.0,33.4,0.437,1.0
Donovan Mitchell,2017-18,20.5,3.7,3.7,1.5,0.3,2.7,79.0,33.4,0.437,Kawhi Leonard,2015-16,21.2,2.6,6.8,1.8,1.0,1.5,72.0,33.1,0.506,0.0
Kawhi Leonard,2015-16,21.2,2.6,6.8,1.8,1.0,1.5,72.0,33.1,0.506,Donovan Mitchell,2017-18,20.5,3.7,3.7,1.5,0.3,2.7,79.0,33.4,0.437,1.0
Donovan Mitchell,2017-18,20.5,3.7,3.7,1.5,0.3,2.7,79.0,33.4,0.437,Tim Duncan,2015-16,8.6,2.7,7.3,0.8,1.3,1.5,61.0,25.2,0.488,0.6666666666666666
Tim Duncan,2015-16,8.6,2.7,7.3,0.8,1.3,1.5,61.0,25.2,0.488,Donovan Mitchell,2017-18,20.5,3.7,3.7,1.5,0.3,2.7,79.0,33.4,0.437,0.33333333333333337
Donovan Mitchell,2018-19,23.8,4.2,4.1,1.4,0.4,2.8,77.0,33.7,0.432,Karl-Anthony Towns,2016-17,25.1,2.7,12.3,0.7,1.3,2.6,82.0,37.0,0.542,0.6666666666666666
Karl-Anthony Towns,2016-17,25.1,2.7,12.3,0.7,1.3,2.6,82.0,37.0,0.542,Donovan Mitchell,2018-19,23.8,4.2,4.1,1.4,0.4,2.8,77.0,33.7,0.432,0.33333333333333337
Donovan Mitchell,2018-19,23.8,4.2,4.1,1.4,0.4,2.8,77.0,33.7,0.432,Kawhi Leonard,2012-13,11.9,1.6,6.0,1.7,0.6,1.1,58.0,31.2,0.494,0.5
Kawhi Leonard,2012-13,11.9,1.6,6.0,1.7,0.6,1.1,58.0,31.2,0.494,Donovan Mitchell,2018-19,23.8,4.2,4.1,1.4,0.4,2.8,77.0,33.7,0.432,0.5
Donovan Mitchell,2018-19,23.8,4.2,4.1,1.4,0.4,2.8,77.0,33.7,0.432,Paul George,2015-16,23.1,4.1,7.0,1.9,0.4,3.3,81.0,34.8,0.418,0.6666666666666666
Paul George,2015-16,23.1,4.1,7.0,1.9,0.4,3.3,81.0,34.8,0.418,Donovan Mitchell,2018-19,23.8,4.2,4.1,1.4,0.4,2.8,77.0,33.7,0.432,0.33333333333333337
Donovan Mitchell,2018-19,23.8,4.2,4.1,1.4,0.4,2.8,77.0,33.7,0.432,Rudy Gobert,2015-16,9.1,1.5,11.0,0.7,2.2,1.9,61.0,31.7,0.559,0.0
Rudy Gobert,2015-16,9.1,1.5,11.0,0.7,2.2,1.9,61.0,31.7,0.559,Donovan Mitchell,2018-19,23.8,4.2,4.1,1.4,0.4,2.8,77.0,33.7,0.432,1.0
Donovan Mitchell,2018-19,23.8,4.2,4.1,1.4,0.4,2.8,77.0,33.7,0.432,Stephen Curry,2016-17,25.3,6.6,4.5,1.8,0.2,3.0,79.0,33.4,0.468,0.0
Stephen Curry,2016-17,25.3,6.6,4.5,1.8,0.2,3.0,79.0,33.4,0.468,Donovan Mitchell,2018-19,23.8,4.2,4.1,1.4,0.4,2.8,77.0,33.7,0.432,1.0
Donovan Mitchell,2019-20,24.0,4.3,4.4,1.0,0.2,2.7,69.0,34.3,0.449,Jimmy Butler,2021-22,23.6,5.3,5.8,2.1,0.3,1.9,17.0,34.2,0.519,0.4
Jimmy Butler,2021-22,23.6,5.3,5.8,2.1,0.3,1.9,17.0,34.2,0.519,Donovan Mitchell,2019-20,24.0,4.3,4.4,1.0,0.2,2.7,69.0,34.3,0.449,0.6
Donovan Mitchell,2019-20,24.0,4.3,4.4,1.0,0.2,2.7,69.0,34.3,0.449,Kobe Bryant,1996-97,7.6,1.3,1.9,0.7,0.3,1.6,71.0,15.5,0.417,0.0
Kobe Bryant,1996-97,7.6,1.3,1.9,0.7,0.3,1.6,71.0,15.5,0.417,Donovan Mitchell,2019-20,24.0,4.3,4.4,1.0,0.2,2.7,69.0,34.3,0.449,1.0
Donovan Mitchell,2020-21,26.4,5.2,4.4,1.0,0.3,2.8,53.0,33.4,0.438,James Harden,2018-19,36.1,7.5,6.6,2.0,0.7,5.0,78.0,36.8,0.442,0.25
James Harden,2018-19,36.1,7.5,6.6,2.0,0.7,5.0,78.0,36.8,0.442,Donovan Mitchell,2020-21,26.4,5.2,4.4,1.0,0.3,2.8,53.0,33.4,0.438,0.75
Donovan Mitchell,2020-21,26.4,5.2,4.4,1.0,0.3,2.8,53.0,33.4,0.438,LeBron James,2019-20,25.3,10.2,7.8,1.2,0.5,3.9,67.0,34.6,0.493,0.0
LeBron James,2019-20,25.3,10.2,7.8,1.2,0.5,3.9,67.0,34.6,0.493,Donovan Mitchell,2020-21,26.4,5.2,4.4,1.0,0.3,2.8,53.0,33.4,0.438,1.0
Donovan Mitchell,2020-21,26.4,5.2,4.4,1.0,0.3,2.8,53.0,33.4,0.438,Nikola Jokić,2018-19,20.1,7.3,10.8,1.4,0.7,3.1,80.0,31.3,0.511,0.3333333333333333
Nikola Jokić,2018-19,20.1,7.3,10.8,1.4,0.7,3.1,80.0,31.3,0.511,Donovan Mitchell,2020-21,26.4,5.2,4.4,1.0,0.3,2.8,53.0,33.4,0.438,0.6666666666666667
Donovan Mitchell,2020-21,26.4,5.2,4.4,1.0,0.3,2.8,53.0,33.4,0.438,Zion Williamson,2019-20,22.5,2.1,6.3,0.7,0.4,2.5,24.0,27.8,0.583,0.0
Zion Williamson,2019-20,22.5,2.1,6.3,0.7,0.4,2.5,24.0,27.8,0.583,Donovan Mitchell,2020-21,26.4,5.2,4.4,1.0,0.3,2.8,53.0,33.4,0.438,1.0
Donovan Mitchell,2021-22,24.2,5.1,4.1,1.7,0.2,3.0,22.0,32.5,0.446,Giannis Antetokounmpo,2018-19,27.7,5.9,12.5,1.3,1.5,3.7,72.0,32.8,0.578,0.0
Giannis Antetokounmpo,2018-19,27.7,5.9,12.5,1.3,1.5,3.7,72.0,32.8,0.578,Donovan Mitchell,2021-22,24.2,5.1,4.1,1.7,0.2,3.0,22.0,32.5,0.446,1.0
Donovan Mitchell,2021-22,24.2,5.1,4.1,1.7,0.2,3.0,22.0,32.5,0.446,Tim Duncan,1998-99,21.7,2.4,11.4,0.9,2.5,2.9,50.0,39.3,0.495,1.0
Tim Duncan,1998-99,21.7,2.4,11.4,0.9,2.5,2.9,50.0,39.3,0.495,Donovan Mitchell,2021-22,24.2,5.1,4.1,1.7,0.2,3.0,22.0,32.5,0.446,0.0
Dwyane Wade,2003-04,16.2,4.5,4.0,1.4,0.6,3.2,61.0,34.9,0.465,Kawhi Leonard,2012-13,11.9,1.6,6.0,1.7,0.6,1.1,58.0,31.2,0.494,0.75
Kawhi Leonard,2012-13,11.9,1.6,6.0,1.7,0.6,1.1,58.0,31.2,0.494,Dwyane Wade,2003-04,16.2,4.5,4.0,1.4,0.6,3.2,61.0,34.9,0.465,0.25
Dwyane Wade,2003-04,16.2,4.5,4.0,1.4,0.6,3.2,61.0,34.9,0.465,Kyrie Irving,2013-14,20.8,6.1,3.6,1.5,0.3,2.7,71.0,35.2,0.43,0.6666666666666666
Kyrie Irving,2013-14,20.8,6.1,3.6,1.5,0.3,2.7,71.0,35.2,0.43,Dwyane Wade,2003-04,16.2,4.5,4.0,1.4,0.6,3.2,61.0,34.9,0.465,0.33333333333333337
Dwyane Wade,2004-05,24.1,6.8,5.2,1.6,1.1,4.2,77.0,38.6,0.478,Luka Dončić,2021-22,25.4,8.5,8.1,1.1,0.6,4.6,18.0,34.7,0.445,1.0
Luka Dončić,2021-22,25.4,8.5,8.1,1.1,0.6,4.6,18.0,34.7,0.445,Dwyane Wade,2004-05,24.1,6.8,5.2,1.6,1.1,4.2,77.0,38.6,0.478,0.0
Dwyane Wade,2005-06,27.2,6.7,5.7,1.9,0.8,3.6,75.0,38.6,0.495,Nikola Jokić,2016-17,16.7,4.9,9.8,0.8,0.8,2.3,73.0,27.9,0.578,1.0
Nikola Jokić,2016-17,16.7,4.9,9.8,0.8,0.8,2.3,73.0,27.9,0.578,Dwyane Wade,2005-06,27.2,6.7,5.7,1.9,0.8,3.6,75.0,38.6,0.495,0.0
Dwyane Wade,2009-10,26.6,6.5,4.8,1.8,1.1,3.3,77.0,36.3,0.476,Luka Dončić,2018-19,21.2,6.0,7.8,1.1,0.3,3.4,72.0,32.2,0.427,0.5
Luka Dončić,2018-19,21.2,6.0,7.8,1.1,0.3,3.4,72.0,32.2,0.427,Dwyane Wade,2009-10,26.6,6.5,4.8,1.8,1.1,3.3,77.0,36.3,0.476,0.5
Dwyane Wade,2009-10,26.6,6.5,4.8,1.8,1.1,3.3,77.0,36.3,0.476,Nikola Jokić,2015-16,10.0,2.4,7.0,1.0,0.6,1.3,80.0,21.7,0.512,1.0
Nikola Jokić,2015-16,10.0,2.4,7.0,1.0,0.6,1.3,80.0,21.7,0.512,Dwyane Wade,2009-10,26.6,6.5,4.8,1.8,1.1,3.3,77.0,36.3,0.476,0.0
Dwyane Wade,2009-10,26.6,6.5,4.8,1.8,1.1,3.3,77.0,36.3,0.476,Stephen Curry,2009-10,17.5,5.9,4.5,1.9,0.2,3.0,80.0,36.2,0.462,0.0
Stephen Curry,2009-10,17.5,5.9,4.5,1.9,0.2,3.0,80.0,36.2,0.462,Dwyane Wade,2009-10,26.6,6.5,4.8,1.8,1.1,3.3,77.0,36.3,0.476,1.0
Dwyane Wade,2010-11,25.5,4.6,6.4,1.5,1.1,3.1,76.0,37.1,0.5,Jayson Tatum,2019-20,23.4,3.0,7.0,1.4,0.9,2.3,66.0,34.3,0.45,0.75
Jayson Tatum,2019-20,23.4,3.0,7.0,1.4,0.9,2.3,66.0,34.3,0.45,Dwyane Wade,2010-11,25.5,4.6,6.4,1.5,1.1,3.1,76.0,37.1,0.5,0.25
Dwyane Wade,2010-11,25.5,4.6,6.4,1.5,1.1,3.1,76.0,37.1,0.5,Jimmy Butler,2018-19,18.7,4.0,5.3,1.9,0.6,1.5,65.0,33.6,0.462,0.75
Jimmy Butler,2018-19,18.7,4.0,5.3,1.9,0.6,1.5,65.0,33.6,0.462,Dwyane Wade,2010-11,25.5,4.6,6.4,1.5,1.1,3.1,76.0,37.1,0.5,0.25
Dwyane Wade,2010-11,25.5,4.6,6.4,1.5,1.1,3.1,76.0,37.1,0.5,LeBron James,2021-22,25.6,6.8,5.7,1.8,0.7,3.7,12.0,36.9,0.475,0.0
LeBron James,2021-22,25.6,6.8,5.7,1.8,0.7,3.7,12.0,36.9,0.475,Dwyane Wade,2010-11,25.5,4.6,6.4,1.5,1.1,3.1,76.0,37.1,0.5,1.0
Dwyane Wade,2010-11,25.5,4.6,6.4,1.5,1.1,3.1,76.0,37.1,0.5,Paul George,2017-18,21.9,3.3,5.7,2.0,0.5,2.7,79.0,36.6,0.43,0.5
Paul George,2017-18,21.9,3.3,5.7,2.0,0.5,2.7,79.0,36.6,0.43,Dwyane Wade,2010-11,25.5,4.6,6.4,1.5,1.1,3.1,76.0,37.1,0.5,0.5
Dwyane Wade,2014-15,21.5,4.8,3.5,1.2,0.3,3.4,62.0,31.8,0.47,Jimmy Butler,2011-12,2.6,0.3,1.3,0.3,0.1,0.3,42.0,8.5,0.405,0.5
Jimmy Butler,2011-12,2.6,0.3,1.3,0.3,0.1,0.3,42.0,8.5,0.405,Dwyane Wade,2014-15,21.5,4.8,3.5,1.2,0.3,3.4,62.0,31.8,0.47,0.5
Giannis Antetokounmpo,2013-14,6.8,1.9,4.4,0.8,0.8,1.6,77.0,24.6,0.414,Nikola Jokić,2018-19,20.1,7.3,10.8,1.4,0.7,3.1,80.0,31.3,0.511,1.0
Nikola Jokić,2018-19,20.1,7.3,10.8,1.4,0.7,3.1,80.0,31.3,0.511,Giannis Antetokounmpo,2013-14,6.8,1.9,4.4,0.8,0.8,1.6,77.0,24.6,0.414,0.0
Giannis Antetokounmpo,2014-15,12.7,2.6,6.7,0.9,1.0,2.1,81.0,31.4,0.491,Kawhi Leonard,2012-13,11.9,1.6,6.0,1.7,0.6,1.1,58.0,31.2,0.494,0.0
Kawhi Leonard,2012-13,11.9,1.6,6.0,1.7,0.6,1.1,58.0,31.2,0.494,Giannis Antetokounmpo,2014-15,12.7,2.6,6.7,0.9,1.0,2.1,81.0,31.4,0.491,1.0
Giannis Antetokounmpo,2014-15,12.7,2.6,6.7,0.9,1.0,2.1,81.0,31.4,0.491,LeBron James,2004-05,27.2,7.2,7.4,2.2,0.7,3.3,80.0,42.4,0.472,0.5
LeBron James,2004-05,27.2,7.2,7.4,2.2,0.7,3.3,80.0,42.4,0.472,Giannis Antetokounmpo,2014-15,12.7,2.6,6.7,0.9,1.0,2.1,81.0,31.4,0.491,0.5
Giannis Antetokounmpo,2014-15,12.7,2.6,6.7,0.9,1.0,2.1,81.0,31.4,0.491,Paul George,2010-11,7.8,1.1,3.7,1.0,0.4,1.1,61.0,20.7,0.453,0.25
Paul George,2010-11,7.8,1.1,3.7,1.0,0.4,1.1,61.0,20.7,0.453,Giannis Antetokounmpo,2014-15,12.7,2.6,6.7,0.9,1.0,2.1,81.0,31.4,0.491,0.75
Giannis Antetokounmpo,2016-17,22.9,5.4,8.8,1.6,1.9,2.9,80.0,35.6,0.521,Karl-Anthony Towns,2015-16,18.3,2.0,10.5,0.7,1.7,2.2,82.0,32.0,0.542,1.0
Karl-Anthony Towns,2015-16,18.3,2.0,10.5,0.7,1.7,2.2,82.0,32.0,0.542,Giannis Antetokounmpo,2016-17,22.9,5.4,8.8,1.6,1.9,2.9,80.0,35.6,0.521,0.0
Giannis Antetokounmpo,2016-17,22.9,5.4,8.8,1.6,1.9,2.9,80.0,35.6,0.521,LeBron James,2020-21,25.0,7.8,7.7,1.1,0.6,3.7,45.0,33.4,0.513,1.0
LeBron James,2020-21,25.0,7.8,7.7,1.1,0.6,3.7,45.0,33.4,0.513,Giannis Antetokounmpo,2016-17,22.9,5.4,8.8,1.6,1.9,2.9,80.0,35.6,0.521,0.0
Giannis Antetokounmpo,2016-17,22.9,5.4,8.8,1.6,1.9,2.9,80.0,35.6,0.521,Luka Dončić,2020-21,27.7,8.6,8.0,1.0,0.5,4.3,66.0,34.3,0.479,0.3333333333333333
Luka Dončić,2020-21,27.7,8.6,8.0,1.0,0.5,4.3,66.0,34.3,0.479,Giannis Antetokounmpo,2016-17,22.9,5.4,8.8,1.6,1.9,2.9,80.0,35.6,0.521,0.6666666666666667
Giannis Antetokounmpo,2017-18,26.9,4.8,10.0,1.5,1.4,3.0,75.0,36.7,0.529,Kevin Durant,2017-18,26.4,5.4,6.8,0.7,1.8,3.0,68.0,34.2,0.516,1.0
Kevin Durant,2017-18,26.4,5.4,6.8,0.7,1.8,3.0,68.0,34.2,0.516,Giannis Antetokounmpo,2017-18,26.9,4.8,10.0,1.5,1.4,3.0,75.0,36.7,0.529,0.0
Giannis Antetokounmpo,2018-19,27.7,5.9,12.5,1.3,1.5,3.7,72.0,32.8,0.578,Paul George,2013-14,21.7,3.5,6.8,1.9,0.3,2.8,80.0,36.2,0.424,0.75
Paul George,2013-14,21.7,3.5,6.8,1.9,0.3,2.8,80.0,36.2,0.424,Giannis Antetokounmpo,2018-19,27.7,5.9,12.5,1.3,1.5,3.7,72.0,32.8,0.578,0.25
Giannis Antetokounmpo,2019-20,29.5,5.6,13.6,1.0,1.0,3.7,63.0,30.4,0.553,Kawhi Leonard,2011-12,7.9,1.1,5.1,1.3,0.4,0.7,64.0,24.0,0.493,1.0
Kawhi Leonard,2011-12,7.9,1.1,5.1,1.3,0.4,0.7,64.0,24.0,0.493,Giannis Antetokounmpo,2019-20,29.5,5.6,13.6,1.0,1.0,3.7,63.0,30.4,0.553,0.0
Giannis Antetokounmpo,2019-20,29.5,5.6,13.6,1.0,1.0,3.7,63.0,30.4,0.553,Kawhi Leonard,2018-19,26.6,3.3,7.3,1.8,0.4,2.0,60.0,34.0,0.496,0.5
Kawhi Leonard,2018-19,26.6,3.3,7.3,1.8,0.4,2.0,60.0,34.0,0.496,Giannis Antetokounmpo,2019-20,29.5,5.6,13.6,1.0,1.0,3.7,63.0,30.4,0.553,0.5
Giannis Antetokounmpo,2020-21,28.1,5.9,11.0,1.2,1.2,3.4,61.0,33.0,0.569,James Harden,2011-12,16.8,3.7,4.1,1.0,0.2,2.2,62.0,31.4,0.491,0.6666666666666666
James Harden,2011-12,16.8,3.7,4.1,1.0,0.2,2.2,62.0,31.4,0.491,Giannis Antetokounmpo,2020-21,28.1,5.9,11.0,1.2,1.2,3.4,61.0,33.0,0.569,0.33333333333333337
Giannis Antetokounmpo,2020-21,28.1,5.9,11.0,1.2,1.2,3.4,61.0,33.0,0.569,Kevin Durant,2016-17,25.1,4.8,8.3,1.1,1.6,2.2,62.0,33.4,0.537,0.0
Kevin Durant,2016-17,25.1,4.8,8.3,1.1,1.6,2.2,62.0,33.4,0.537,Giannis Antetokounmpo,2020-21,28.1,5.9,11.0,1.2,1.2,3.4,61.0,33.0,0.569,1.0
Giannis Antetokounmpo,2020-21,28.1,5.9,11.0,1.2,1.2,3.4,61.0,33.0,0.569,Rudy Gobert,2017-18,13.5,1.4,10.7,0.8,2.3,1.9,56.0,32.4,0.622,1.0
Rudy Gobert,2017-18,13.5,1.4,10.7,0.8,2.3,1.9,56.0,32.4,0.622,Giannis Antetokounmpo,2020-21,28.1,5.9,11.0,1.2,1.2,3.4,61.0,33.0,0.569,0.0
James Harden,2010-11,12.2,2.1,3.1,1.1,0.3,1.3,82.0,26.7,0.436,Jaylen Brown,2019-20,20.3,2.1,6.4,1.1,0.4,2.2,57.0,33.9,0.481,0.0
Jaylen Brown,2019-20,20.3,2.1,6.4,1.1,0.4,2.2,57.0,33.9,0.481,James Harden,2010-11,12.2,2.1,3.1,1.1,0.3,1.3,82.0,26.7,0.436,1.0
James Harden,2010-11,12.2,2.1,3.1,1.1,0.3,1.3,82.0,26.7,0.436,Tim Duncan,2003-04,22.3,3.1,12.4,0.9,2.7,2.7,69.0,36.6,0.501,0.3333333333333333
Tim Duncan,2003-04,22.3,3.1,12.4,0.9,2.7,2.7,69.0,36.6,0.501,James Harden,2010-11,12.2,2.1,3.1,1.1,0.3,1.3,82.0,26.7,0.436,0.6666666666666667
James Harden,2011-12,16.8,3.7,4.1,1.0,0.2,2.2,62.0,31.4,0.491,Paul George,2021-22,25.1,5.5,7.3,1.8,0.4,4.3,23.0,35.7,0.419,0.0
Paul George,2021-22,25.1,5.5,7.3,1.8,0.4,4.3,23.0,35.7,0.419,James Harden,2011-12,16.8,3.7,4.1,1.0,0.2,2.2,62.0,31.4,0.491,1.0
James Harden,2014-15,27.4,7.0,5.7,1.9,0.7,4.0,81.0,36.8,0.44,LeBron James,2008-09,28.4,7.2,7.6,1.7,1.1,3.0,81.0,37.7,0.489,0.0
LeBron James,2008-09,28.4,7.2,7.6,1.7,1.1,3.0,81.0,37.7,0.489,James Harden,2014-15,27.4,7.0,5.7,1.9,0.7,4.0,81.0,36.8,0.44,1.0
James Harden,2015-16,29.0,7.5,6.1,1.7,0.6,4.6,82.0,38.1,0.439,Kawhi Leonard,2016-17,25.5,3.5,5.8,1.8,0.7,2.1,74.0,33.4,0.485,0.5
Kawhi Leonard,2016-17,25.5,3.5,5.8,1.8,0.7,2.1,74.0,33.4,0.485,James Harden,2015-16,29.0,7.5,6.1,1.7,0.6,4.6,82.0,38.1,0.439,0.5
James Harden,2015-16,29.0,7.5,6.1,1.7,0.6,4.6,82.0,38.1,0.439,Kyrie Irving,2018-19,23.8,6.9,5.0,1.5,0.5,2.6,67.0,33.0,0.487,0.0
Kyrie Irving,2018-19,23.8,6.9,5.0,1.5,0.5,2.6,67.0,33.0,0.487,James Harden,2015-16,29.0,7.5,6.1,1.7,0.6,4.6,82.0,38.1,0.439,1.0
James Harden,2017-18,30.4,8.8,5.4,1.8,0.7,4.4,72.0,35.4,0.449,Luka Dončić,2020-21,27.7,8.6,8.0,1.0,0.5,4.3,66.0,34.3,0.479,0.5
Luka Dončić,2020-21,27.7,8.6,8.0,1.0,0.5,4.3,66.0,34.3,0.479,James Harden,2017-18,30.4,8.8,5.4,1.8,0.7,4.4,72.0,35.4,0.449,0.5
James Harden,2019-20,34.3,7.5,6.6,1.8,0.9,4.5,68.0,36.5,0.444,Zion Williamson,2020-21,27.0,3.7,7.2,0.9,0.6,2.7,61.0,33.2,0.611,1.0
Zion Williamson,2020-21,27.0,3.7,7.2,0.9,0.6,2.7,61.0,33.2,0.611,James Harden,2019-20,34.3,7.5,6.6,1.8,0.9,4.5,68.0,36.5,0.444,0.0
James Harden,2020-21,24.6,10.8,7.9,1.2,0.8,4.0,44.0,36.6,0.466,Jimmy Butler,2017-18,22.2,4.9,5.3,2.0,0.4,1.8,59.0,36.7,0.474,0.5
Jimmy Butler,2017-18,22.2,4.9,5.3,2.0,0.4,1.8,59.0,36.7,0.474,James Harden,2020-21,24.6,10.8,7.9,1.2,0.8,4.0,44.0,36.6,0.466,0.5
James Harden,2020-21,24.6,10.8,7.9,1.2,0.8,4.0,44.0,36.6,0.466,Kyrie Irving,2013-14,20.8,6.1,3.6,1.5,0.3,2.7,71.0,35.2,0.43,0.0
Kyrie Irving,2013-14,20.8,6.1,3.6,1.5,0.3,2.7,71.0,35.2,0.43,James Harden,2020-21,24.6,10.8,7.9,1.2,0.8,4.0,44.0,36.6,0.466,1.0
James Harden,2020-21,24.6,10.8,7.9,1.2,0.8,4.0,44.0,36.6,0.466,Tim Duncan,2005-06,18.6,3.2,11.0,0.9,2.0,2.5,80.0,34.8,0.484,0.75
Tim Duncan,2005-06,18.6,3.2,11.0,0.9,2.0,2.5,80.0,34.8,0.484,James Harden,2020-21,24.6,10.8,7.9,1.2,0.8,4.0,44.0,36.6,0.466,0.25
James Harden,2020-21,24.6,10.8,7.9,1.2,0.8,4.0,44.0,36.6,0.466,Zion Williamson,2020-21,27.0,3.7,7.2,0.9,0.6,2.7,61.0,33.2,0.611,0.6666666666666666
Zion Williamson,2020-21,27.0,3.7,7.2,0.9,0.6,2.7,61.0,33.2,0.611,James Harden,2020-21,24.6,10.8,7.9,1.2,0.8,4.0,44.0,36.6,0.466,0.33333333333333337
James Harden,2021-22,20.6,9.5,7.9,1.5,0.7,4.8,23.0,35.7,0.403,Kyrie Irving,2012-13,22.5,5.9,3.7,1.5,0.4,3.2,59.0,34.7,0.452,0.0
Kyrie Irving,2012-13,22.5,5.9,3.7,1.5,0.4,3.2,59.0,34.7,0.452,James Harden,2021-22,20.6,9.5,7.9,1.5,0.7,4.8,23.0,35.7,0.403,1.0
Jaylen Brown,2016-17,6.6,0.8,2.8,0.4,0.2,0.9,78.0,17.2,0.454,Kobe Bryant,2012-13,27.3,6.0,5.6,1.4,0.3,3.7,78.0,38.6,0.463,1.0
Kobe Bryant,2012-13,27.3,6.0,5.6,1.4,0.3,3.7,78.0,38.6,0.463,Jaylen Brown,2016-17,6.6,0.8,2.8,0.4,0.2,0.9,78.0,17.2,0.454,0.0
Jaylen Brown,2016-17,6.6,0.8,2.8,0.4,0.2,0.9,78.0,17.2,0.454,LeBron James,2011-12,27.1,6.2,7.9,1.9,0.8,3.4,62.0,37.5,0.531,1.0
LeBron James,2011-12,27.1,6.2,7.9,1.9,0.8,3.4,62.0,37.5,0.531,Jaylen Brown,2016-17,6.6,0.8,2.8,0.4,0.2,0.9,78.0,17.2,0.454,0.0
Jaylen Brown,2017-18,14.5,1.6,4.9,1.0,0.4,1.8,70.0,30.7,0.465,Jayson Tatum,2018-19,15.7,2.1,6.0,1.1,0.7,1.5,79.0,31.1,0.45,1.0
Jayson Tatum,2018-19,15.7,2.1,6.0,1.1,0.7,1.5,79.0,31.1,0.45,Jaylen Brown,2017-18,14.5,1.6,4.9,1.0,0.4,1.8,70.0,30.7,0.465,0.0
Jaylen Brown,2017-18,14.5,1.6,4.9,1.0,0.4,1.8,70.0,30.7,0.465,LeBron James,2014-15,25.3,7.4,6.0,1.6,0.7,3.9,69.0,36.1,0.488,1.0
LeBron James,2014-15,25.3,7.4,6.0,1.6,0.7,3.9,69.0,36.1,0.488,Jaylen Brown,2017-18,14.5,1.6,4.9,1.0,0.4,1.8,70.0,30.7,0.465,0.0
Jaylen Brown,2018-19,13.0,1.4,4.2,0.9,0.4,1.3,74.0,25.9,0.465,Kawhi Leonard,2016-17,25.5,3.5,5.8,1.8,0.7,2.1,74.0,33.4,0.485,0.3333333333333333
Kawhi Leonard,2016-17,25.5,3.5,5.8,1.8,0.7,2.1,74.0,33.4,0.485,Jaylen Brown,2018-19,13.0,1.4,4.2,0.9,0.4,1.3,74.0,25.9,0.465,0.6666666666666667
Jaylen Brown,2019-20,20.3,2.1,6.4,1.1,0.4,2.2,57.0,33.9,0.481,Kobe Bryant,2013-14,13.8,6.3,4.3,1.2,0.2,5.7,6.0,29.5,0.425,0.25
Kobe Bryant,2013-14,13.8,6.3,4.3,1.2,0.2,5.7,6.0,29.5,0.425,Jaylen Brown,2019-20,20.3,2.1,6.4,1.1,0.4,2.2,57.0,33.9,0.481,0.75
Jaylen Brown,2019-20,20.3,2.1,6.4,1.1,0.4,2.2,57.0,33.9,0.481,Rudy Gobert,2017-18,13.5,1.4,10.7,0.8,2.3,1.9,56.0,32.4,0.622,1.0
Rudy Gobert,2017-18,13.5,1.4,10.7,0.8,2.3,1.9,56.0,32.4,0.622,Jaylen Brown,2019-20,20.3,2.1,6.4,1.1,0.4,2.2,57.0,33.9,0.481,0.0
Jayson Tatum,2017-18,13.9,1.6,5.0,1.0,0.7,1.4,80.0,30.5,0.475,Kyrie Irving,2013-14,20.8,6.1,3.6,1.5,0.3,2.7,71.0,35.2,0.43,1.0
Kyrie Irving,2013-14,20.8,6.1,3.6,1.5,0.3,2.7,71.0,35.2,0.43,Jayson Tatum,2017-18,13.9,1.6,5.0,1.0,0.7,1.4,80.0,30.5,0.475,0.0
Jayson Tatum,2017-18,13.9,1.6,5.0,1.0,0.7,1.4,80.0,30.5,0.475,Luka Dončić,2018-19,21.2,6.0,7.8,1.1,0.3,3.4,72.0,32.2,0.427,0.3333333333333333
Luka Dončić,2018-19,21.2,6.0,7.8,1.1,0.3,3.4,72.0,32.2,0.427,Jayson Tatum,2017-18,13.9,1.6,5.0,1.0,0.7,1.4,80.0,30.5,0.475,0.6666666666666667
Jayson Tatum,2017-18,13.9,1.6,5.0,1.0,0.7,1.4,80.0,30.5,0.475,Rudy Gobert,2016-17,14.0,1.2,12.8,0.6,2.6,1.8,81.0,33.9,0.661,1.0
Rudy Gobert,2016-17,14.0,1.2,12.8,0.6,2.6,1.8,81.0,33.9,0.661,Jayson Tatum,2017-18,13.9,1.6,5.0,1.0,0.7,1.4,80.0,30.5,0.475,0.0
Jayson Tatum,2019-20,23.4,3.0,7.0,1.4,0.9,2.3,66.0,34.3,0.45,Kyrie Irving,2011-12,18.5,5.4,3.7,1.1,0.4,3.1,51.0,30.5,0.469,0.6666666666666666
Kyrie Irving,2011-12,18.5,5.4,3.7,1.1,0.4,3.1,51.0,30.5,0.469,Jayson Tatum,2019-20,23.4,3.0,7.0,1.4,0.9,2.3,66.0,34.3,0.45,0.33333333333333337
Jayson Tatum,2019-20,23.4,3.0,7.0,1.4,0.9,2.3,66.0,34.3,0.45,Zion Williamson,2019-20,22.5,2.1,6.3,0.7,0.4,2.5,24.0,27.8,0.583,0.5
Zion Williamson,2019-20,22.5,2.1,6.3,0.7,0.4,2.5,24.0,27.8,0.583,Jayson Tatum,2019-20,23.4,3.0,7.0,1.4,0.9,2.3,66.0,34.3,0.45,0.5
Jayson Tatum,2020-21,26.4,4.3,7.4,1.2,0.5,2.7,64.0,35.8,0.459,Jimmy Butler,2017-18,22.2,4.9,5.3,2.0,0.4,1.8,59.0,36.7,0.474,1.0
Jimmy Butler,2017-18,22.2,4.9,5.3,2.0,0.4,1.8,59.0,36.7,0.474,Jayson Tatum,2020-21,26.4,4.3,7.4,1.2,0.5,2.7,64.0,35.8,0.459,0.0
Jayson Tatum,2020-21,26.4,4.3,7.4,1.2,0.5,2.7,64.0,35.8,0.459,Kawhi Leonard,2015-16,21.2,2.6,6.8,1.8,1.0,1.5,72.0,33.1,0.506,0.5
Kawhi Leonard,2015-16,21.2,2.6,6.8,1.8,1.0,1.5,72.0,33.1,0.506,Jayson Tatum,2020-21,26.4,4.3,7.4,1.2,0.5,2.7,64.0,35.8,0.459,0.5
Jayson Tatum,2020-21,26.4,4.3,7.4,1.2,0.5,2.7,64.0,35.8,0.459,Nikola Jokić,2016-17,16.7,4.9,9.8,0.8,0.8,2.3,73.0,27.9,0.578,0.3333333333333333
Nikola Jokić,2016-17,16.7,4.9,9.8,0.8,0.8,2.3,73.0,27.9,0.578,Jayson Tatum,2020-21,26.4,4.3,7.4,1.2,0.5,2.7,64.0,35.8,0.459,0.6666666666666667
Jayson Tatum,2021-22,25.2,3.7,8.8,0.9,0.8,2.5,24.0,36.5,0.406,Kobe Bryant,2010-11,25.3,4.7,5.1,1.2,0.1,3.0,82.0,33.9,0.451,1.0
Kobe Bryant,2010-11,25.3,4.7,5.1,1.2,0.1,3.0,82.0,33.9,0.451,Jayson Tatum,2021-22,25.2,3.7,8.8,0.9,0.8,2.5,24.0,36.5,0.406,0.0
Jayson Tatum,2021-22,25.2,3.7,8.8,0.9,0.8,2.5,24.0,36.5,0.406,Kyrie Irving,2016-17,25.2,5.8,3.2,1.2,0.3,2.5,72.0,35.1,0.473,0.5
Kyrie Irving,2016-17,25.2,5.8,3.2,1.2,0.3,2.5,72.0,35.1,0.473,Jayson Tatum,2021-22,25.2,3.7,8.8,0.9,0.8,2.5,24.0,36.5,0.406,0.5
Jayson Tatum,2021-22,25.2,3.7,8.8,0.9,0.8,2.5,24.0,36.5,0.406,Nikola Jokić,2016-17,16.7,4.9,9.8,0.8,0.8,2.3,73.0,27.9,0.578,1.0
Nikola Jokić,2016-17,16.7,4.9,9.8,0.8,0.8,2.3,73.0,27.9,0.578,Jayson Tatum,2021-22,25.2,3.7,8.8,0.9,0.8,2.5,24.0,36.5,0.406,0.0
Jimmy Butler,2013-14,13.1,2.6,4.9,1.9,0.5,1.5,67.0,38.7,0.397,Rudy Gobert,2018-19,15.9,2.0,12.9,0.8,2.3,1.6,81.0,31.8,0.669,1.0
Rudy Gobert,2018-19,15.9,2.0,12.9,0.8,2.3,1.6,81.0,31.8,0.669,Jimmy Butler,2013-14,13.1,2.6,4.9,1.9,0.5,1.5,67.0,38.7,0.397,0.0
Jimmy Butler,2017-18,22.2,4.9,5.3,2.0,0.4,1.8,59.0,36.7,0.474,Karl-Anthony Towns,2017-18,21.3,2.4,12.3,0.8,1.4,1.9,82.0,35.6,0.545,0.6
Karl-Anthony Towns,2017-18,21.3,2.4,12.3,0.8,1.4,1.9,82.0,35.6,0.545,Jimmy Butler,2017-18,22.2,4.9,5.3,2.0,0.4,1.8,59.0,36.7,0.474,0.4
Jimmy Butler,2017-18,22.2,4.9,5.3,2.0,0.4,1.8,59.0,36.7,0.474,Kyrie Irving,2019-20,27.4,6.4,5.2,1.4,0.5,2.6,20.0,32.9,0.478,0.0
Kyrie Irving,2019-20,27.4,6.4,5.2,1.4,0.5,2.6,20.0,32.9,0.478,Jimmy Butler,2017-18,22.2,4.9,5.3,2.0,0.4,1.8,59.0,36.7,0.474,1.0
Jimmy Butler,2018-19,18.7,4.0,5.3,1.9,0.6,1.5,65.0,33.6,0.462,Kobe Bryant,2003-04,24.0,5.1,5.5,1.7,0.4,2.6,65.0,37.6,0.438,0.25
Kobe Bryant,2003-04,24.0,5.1,5.5,1.7,0.4,2.6,65.0,37.6,0.438,Jimmy Butler,2018-19,18.7,4.0,5.3,1.9,0.6,1.5,65.0,33.6,0.462,0.75
Jimmy Butler,2018-19,18.7,4.0,5.3,1.9,0.6,1.5,65.0,33.6,0.462,Luka Dončić,2019-20,28.8,8.8,9.4,1.0,0.2,4.3,61.0,33.6,0.463,0.3333333333333333
Luka Dončić,2019-20,28.8,8.8,9.4,1.0,0.2,4.3,61.0,33.6,0.463,Jimmy Butler,2018-19,18.7,4.0,5.3,1.9,0.6,1.5,65.0,33.6,0.462,0.6666666666666667
Jimmy Butler,2018-19,18.7,4.0,5.3,1.9,0.6,1.5,65.0,33.6,0.462,Stephen Curry,2009-10,17.5,5.9,4.5,1.9,0.2,3.0,80.0,36.2,0.462,0.6666666666666666
Stephen Curry,2009-10,17.5,5.9,4.5,1.9,0.2,3.0,80.0,36.2,0.462,Jimmy Butler,2018-19,18.7,4.0,5.3,1.9,0.6,1.5,65.0,33.6,0.462,0.33333333333333337
Jimmy Butler,2018-19,18.7,4.0,5.3,1.9,0.6,1.5,65.0,33.6,0.462,Zion Williamson,2020-21,27.0,3.7,7.2,0.9,0.6,2.7,61.0,33.2,0.611,0.0
Zion Williamson,2020-21,27.0,3.7,7.2,0.9,0.6,2.7,61.0,33.2,0.611,Jimmy Butler,2018-19,18.7,4.0,5.3,1.9,0.6,1.5,65.0,33.6,0.462,1.0
Jimmy Butler,2019-20,19.9,6.0,6.7,1.8,0.6,2.2,58.0,33.8,0.455,Kevin Durant,2010-11,27.7,2.7,6.8,1.1,1.0,2.8,78.0,38.9,0.462,1.0
Kevin Durant,2010-11,27.7,2.7,6.8,1.1,1.0,2.8,78.0,38.9,0.462,Jimmy Butler,2019-20,19.9,6.0,6.7,1.8,0.6,2.2,58.0,33.8,0.455,0.0
Jimmy Butler,2020-21,21.5,7.1,6.9,2.1,0.3,2.1,52.0,33.6,0.497,Paul George,2013-14,21.7,3.5,6.8,1.9,0.3,2.8,80.0,36.2,0.424,0.0
Paul George,2013-14,21.7,3.5,6.8,1.9,0.3,2.8,80.0,36.2,0.424,Jimmy Butler,2020-21,21.5,7.1,6.9,2.1,0.3,2.1,52.0,33.6,0.497,1.0
Jimmy Butler,2020-21,21.5,7.1,6.9,2.1,0.3,2.1,52.0,33.6,0.497,Stephen Curry,2020-21,32.0,5.8,5.5,1.2,0.1,3.4,63.0,34.2,0.482,0.0
Stephen Curry,2020-21,32.0,5.8,5.5,1.2,0.1,3.4,63.0,34.2,0.482,Jimmy Butler,2020-21,21.5,7.1,6.9,2.1,0.3,2.1,52.0,33.6,0.497,1.0
Jimmy Butler,2021-22,23.6,5.3,5.8,2.1,0.3,1.9,17.0,34.2,0.519,Paul George,2017-18,21.9,3.3,5.7,2.0,0.5,2.7,79.0,36.6,0.43,0.0
Paul George,2017-18,21.9,3.3,5.7,2.0,0.5,2.7,79.0,36.6,0.43,Jimmy Butler,2021-22,23.6,5.3,5.8,2.1,0.3,1.9,17.0,34.2,0.519,1.0
Jimmy Butler,2021-22,23.6,5.3,5.8,2.1,0.3,1.9,17.0,34.2,0.519,Rudy Gobert,2020-21,14.3,1.3,13.5,0.6,2.7,1.7,71.0,30.8,0.675,1.0
Rudy Gobert,2020-21,14.3,1.3,13.5,0.6,2.7,1.7,71.0,30.8,0.675,Jimmy Butler,2021-22,23.6,5.3,5.8,2.1,0.3,1.9,17.0,34.2,0.519,0.0
Joel Embiid,2016-17,20.2,2.1,7.8,0.9,2.5,3.8,31.0,25.4,0.466,Kobe Bryant,2007-08,28.3,5.4,6.3,1.8,0.5,3.1,82.0,38.9,0.459,1.0
Kobe Bryant,2007-08,28.3,5.4,6.3,1.8,0.5,3.1,82.0,38.9,0.459,Joel Embiid,2016-17,20.2,2.1,7.8,0.9,2.5,3.8,31.0,25.4,0.466,0.0
Joel Embiid,2017-18,22.9,3.2,11.0,0.6,1.8,3.7,63.0,30.3,0.483,Kyrie Irving,2019-20,27.4,6.4,5.2,1.4,0.5,2.6,20.0,32.9,0.478,1.0
Kyrie Irving,2019-20,27.4,6.4,5.2,1.4,0.5,2.6,20.0,32.9,0.478,Joel Embiid,2017-18,22.9,3.2,11.0,0.6,1.8,3.7,63.0,30.3,0.483,0.0
Karl-Anthony Towns,2017-18,21.3,2.4,12.3,0.8,1.4,1.9,82.0,35.6,0.545,Paul George,2015-16,23.1,4.1,7.0,1.9,0.4,3.3,81.0,34.8,0.418,0.0
Paul George,2015-16,23.1,4.1,7.0,1.9,0.4,3.3,81.0,34.8,0.418,Karl-Anthony Towns,2017-18,21.3,2.4,12.3,0.8,1.4,1.9,82.0,35.6,0.545,1.0
Karl-Anthony Towns,2017-18,21.3,2.4,12.3,0.8,1.4,1.9,82.0,35.6,0.545,Stephen Curry,2017-18,26.4,6.1,5.1,1.6,0.2,3.0,51.0,32.0,0.495,0.25
Stephen Curry,2017-18,26.4,6.1,5.1,1.6,0.2,3.0,51.0,32.0,0.495,Karl-Anthony Towns,2017-18,21.3,2.4,12.3,0.8,1.4,1.9,82.0,35.6,0.545,0.75
Karl-Anthony Towns,2017-18,21.3,2.4,12.3,0.8,1.4,1.9,82.0,35.6,0.545,Tim Duncan,2002-03,23.3,3.9,12.9,0.7,2.9,3.1,81.0,39.3,0.513,0.0
Tim Duncan,2002-03,23.3,3.9,12.9,0.7,2.9,3.1,81.0,39.3,0.513,Karl-Anthony Towns,2017-18,21.3,2.4,12.3,0.8,1.4,1.9,82.0,35.6,0.545,1.0
Karl-Anthony Towns,2018-19,24.4,3.4,12.4,0.9,1.6,3.1,77.0,33.1,0.518,LeBron James,2013-14,27.1,6.3,6.9,1.6,0.3,3.5,77.0,37.7,0.567,0.0
LeBron James,2013-14,27.1,6.3,6.9,1.6,0.3,3.5,77.0,37.7,0.567,Karl-Anthony Towns,2018-19,24.4,3.4,12.4,0.9,1.6,3.1,77.0,33.1,0.518,1.0
Karl-Anthony Towns,2018-19,24.4,3.4,12.4,0.9,1.6,3.1,77.0,33.1,0.518,LeBron James,2017-18,27.5,9.1,8.6,1.4,0.9,4.2,82.0,36.9,0.542,0.0
LeBron James,2017-18,27.5,9.1,8.6,1.4,0.9,4.2,82.0,36.9,0.542,Karl-Anthony Towns,2018-19,24.4,3.4,12.4,0.9,1.6,3.1,77.0,33.1,0.518,1.0
Karl-Anthony Towns,2018-19,24.4,3.4,12.4,0.9,1.6,3.1,77.0,33.1,0.518,Luka Dončić,2018-19,21.2,6.0,7.8,1.1,0.3,3.4,72.0,32.2,0.427,0.3333333333333333
Luka Dončić,2018-19,21.2,6.0,7.8,1.1,0.3,3.4,72.0,32.2,0.427,Karl-Anthony Towns,2018-19,24.4,3.4,12.4,0.9,1.6,3.1,77.0,33.1,0.518,0.6666666666666667
Karl-Anthony Towns,2018-19,24.4,3.4,12.4,0.9,1.6,3.1,77.0,33.1,0.518,Paul George,2019-20,21.5,3.9,5.7,1.4,0.4,2.6,48.0,29.6,0.439,0.0
Paul George,2019-20,21.5,3.9,5.7,1.4,0.4,2.6,48.0,29.6,0.439,Karl-Anthony Towns,2018-19,24.4,3.4,12.4,0.9,1.6,3.1,77.0,33.1,0.518,1.0
Karl-Anthony Towns,2019-20,26.5,4.4,10.8,0.9,1.2,3.1,35.0,33.9,0.508,Nikola Jokić,2021-22,25.6,6.8,13.5,1.2,0.7,3.2,18.0,32.6,0.577,1.0
Nikola Jokić,2021-22,25.6,6.8,13.5,1.2,0.7,3.2,18.0,32.6,0.577,Karl-Anthony Towns,2019-20,26.5,4.4,10.8,0.9,1.2,3.1,35.0,33.9,0.508,0.0
Karl-Anthony Towns,2019-20,26.5,4.4,10.8,0.9,1.2,3.1,35.0,33.9,0.508,Tim Duncan,1997-98,21.1,2.7,11.9,0.7,2.5,3.4,82.0,39.1,0.549,1.0
Tim Duncan,1997-98,21.1,2.7,11.9,0.7,2.5,3.4,82.0,39.1,0.549,Karl-Anthony Towns,2019-20,26.5,4.4,10.8,0.9,1.2,3.1,35.0,33.9,0.508,0.0
Karl-Anthony Towns,2020-21,24.8,4.5,10.6,0.8,1.1,3.2,50.0,33.8,0.486,Stephen Curry,2019-20,20.8,6.6,5.2,1.0,0.4,3.2,5.0,27.8,0.402,0.0
Stephen Curry,2019-20,20.8,6.6,5.2,1.0,0.4,3.2,5.0,27.8,0.402,Karl-Anthony Towns,2020-21,24.8,4.5,10.6,0.8,1.1,3.2,50.0,33.8,0.486,1.0
Kawhi Leonard,2011-12,7.9,1.1,5.1,1.3,0.4,0.7,64.0,24.0,0.493,Zion Williamson,2019-20,22.5,2.1,6.3,0.7,0.4,2.5,24.0,27.8,0.583,0.3333333333333333
Zion Williamson,2019-20,22.5,2.1,6.3,0.7,0.4,2.5,24.0,27.8,0.583,Kawhi Leonard,2011-12,7.9,1.1,5.1,1.3,0.4,0.7,64.0,24.0,0.493,0.6666666666666667
Kawhi Leonard,2012-13,11.9,1.6,6.0,1.7,0.6,1.1,58.0,31.2,0.494,Nikola Jokić,2021-22,25.6,6.8,13.5,1.2,0.7,3.2,18.0,32.6,0.577,1.0
Nikola Jokić,2021-22,25.6,6.8,13.5,1.2,0.7,3.2,18.0,32.6,0.577,Kawhi Leonard,2012-13,11.9,1.6,6.0,1.7,0.6,1.1,58.0,31.2,0.494,0.0
Kawhi Leonard,2013-14,12.8,2.0,6.2,1.7,0.8,1.2,66.0,29.1,0.522,Kyrie Irving,2016-17,25.2,5.8,3.2,1.2,0.3,2.5,72.0,35.1,0.473,1.0
Kyrie Irving,2016-17,25.2,5.8,3.2,1.2,0.3,2.5,72.0,35.1,0.473,Kawhi Leonard,2013-14,12.8,2.0,6.2,1.7,0.8,1.2,66.0,29.1,0.522,0.0
Kawhi Leonard,2013-14,12.8,2.0,6.2,1.7,0.8,1.2,66.0,29.1,0.522,Luka Dončić,2019-20,28.8,8.8,9.4,1.0,0.2,4.3,61.0,33.6,0.463,1.0
Luka Dončić,2019-20,28.8,8.8,9.4,1.0,0.2,4.3,61.0,33.6,0.463,Kawhi Leonard,2013-14,12.8,2.0,6.2,1.7,0.8,1.2,66.0,29.1,0.522,0.0
Kawhi Leonard,2014-15,16.5,2.5,7.2,2.3,0.8,1.5,64.0,31.8,0.479,LeBron James,2017-18,27.5,9.1,8.6,1.4,0.9,4.2,82.0,36.9,0.542,0.0
LeBron James,2017-18,27.5,9.1,8.6,1.4,0.9,4.2,82.0,36.9,0.542,Kawhi Leonard,2014-15,16.5,2.5,7.2,2.3,0.8,1.5,64.0,31.8,0.479,1.0
Kawhi Leonard,2015-16,21.2,2.6,6.8,1.8,1.0,1.5,72.0,33.1,0.506,Kobe Bryant,2002-03,30.0,5.9,6.9,2.2,0.8,3.5,82.0,41.5,0.451,0.4
Kobe Bryant,2002-03,30.0,5.9,6.9,2.2,0.8,3.5,82.0,41.5,0.451,Kawhi Leonard,2015-16,21.2,2.6,6.8,1.8,1.0,1.5,72.0,33.1,0.506,0.6
Kawhi Leonard,2016-17,25.5,3.5,5.8,1.8,0.7,2.1,74.0,33.4,0.485,Nikola Jokić,2021-22,25.6,6.8,13.5,1.2,0.7,3.2,18.0,32.6,0.577,1.0
Nikola Jokić,2021-22,25.6,6.8,13.5,1.2,0.7,3.2,18.0,32.6,0.577,Kawhi Leonard,2016-17,25.5,3.5,5.8,1.8,0.7,2.1,74.0,33.4,0.485,0.0
Kawhi Leonard,2017-18,16.2,2.3,4.7,2.0,1.0,1.8,9.0,23.3,0.468,Kevin Durant,2012-13,28.1,4.6,7.9,1.4,1.3,3.5,81.0,38.5,0.51,0.0
Kevin Durant,2012-13,28.1,4.6,7.9,1.4,1.3,3.5,81.0,38.5,0.51,Kawhi Leonard,2017-18,16.2,2.3,4.7,2.0,1.0,1.8,9.0,23.3,0.468,1.0
Kawhi Leonard,2017-18,16.2,2.3,4.7,2.0,1.0,1.8,9.0,23.3,0.468,Paul George,2010-11,7.8,1.1,3.7,1.0,0.4,1.1,61.0,20.7,0.453,1.0
Paul George,2010-11,7.8,1.1,3.7,1.0,0.4,1.1,61.0,20.7,0.453,Kawhi Leonard,2017-18,16.2,2.3,4.7,2.0,1.0,1.8,9.0,23.3,0.468,0.0
Kawhi Leonard,2018-19,26.6,3.3,7.3,1.8,0.4,2.0,60.0,34.0,0.496,Kyrie Irving,2017-18,24.4,5.1,3.8,1.1,0.3,2.3,60.0,32.2,0.491,1.0
Kyrie Irving,2017-18,24.4,5.1,3.8,1.1,0.3,2.3,60.0,32.2,0.491,Kawhi Leonard,2018-19,26.6,3.3,7.3,1.8,0.4,2.0,60.0,34.0,0.496,0.0
Kawhi Leonard,2018-19,26.6,3.3,7.3,1.8,0.4,2.0,60.0,34.0,0.496,Nikola Jokić,2017-18,18.5,6.1,10.7,1.2,0.8,2.8,75.0,32.6,0.499,0.6666666666666666
Nikola Jokić,2017-18,18.5,6.1,10.7,1.2,0.8,2.8,75.0,32.6,0.499,Kawhi Leonard,2018-19,26.6,3.3,7.3,1.8,0.4,2.0,60.0,34.0,0.496,0.33333333333333337
Kawhi Leonard,2019-20,27.1,4.9,7.1,1.8,0.6,2.6,57.0,32.4,0.47,Paul George,2021-22,25.1,5.5,7.3,1.8,0.4,4.3,23.0,35.7,0.419,1.0
Paul George,2021-22,25.1,5.5,7.3,1.8,0.4,4.3,23.0,35.7,0.419,Kawhi Leonard,2019-20,27.1,4.9,7.1,1.8,0.6,2.6,57.0,32.4,0.47,0.0
Kawhi Leonard,2020-21,24.8,5.2,6.5,1.6,0.4,2.0,52.0,34.1,0.512,Zion Williamson,2020-21,27.0,3.7,7.2,0.9,0.6,2.7,61.0,33.2,0.611,0.5
Zion Williamson,2020-21,27.0,3.7,7.2,0.9,0.6,2.7,61.0,33.2,0.611,Kawhi Leonard,2020-21,24.8,5.2,6.5,1.6,0.4,2.0,52.0,34.1,0.512,0.5
Kevin Durant,2007-08,20.3,2.4,4.4,1.0,0.9,2.9,80.0,34.6,0.43,Rudy Gobert,2021-22,14.9,1.0,14.7,1.0,2.3,2.0,23.0,31.9,0.731,1.0
Rudy Gobert,2021-22,14.9,1.0,14.7,1.0,2.3,2.0,23.0,31.9,0.731,Kevin Durant,2007-08,20.3,2.4,4.4,1.0,0.9,2.9,80.0,34.6,0.43,0.0
Kevin Durant,2011-12,28.0,3.5,8.0,1.3,1.2,3.8,66.0,38.6,0.496,Paul George,2019-20,21.5,3.9,5.7,1.4,0.4,2.6,48.0,29.6,0.439,1.0
Paul George,2019-20,21.5,3.9,5.7,1.4,0.4,2.6,48.0,29.6,0.439,Kevin Durant,2011-12,28.0,3.5,8.0,1.3,1.2,3.8,66.0,38.6,0.496,0.0
Kevin Durant,2018-19,26.0,5.9,6.4,0.7,1.1,2.9,78.0,34.6,0.521,Tim Duncan,2000-01,22.2,3.0,12.2,0.9,2.3,3.0,82.0,38.7,0.499,1.0
Tim Duncan,2000-01,22.2,3.0,12.2,0.9,2.3,3.0,82.0,38.7,0.499,Kevin Durant,2018-19,26.0,5.9,6.4,0.7,1.1,2.9,78.0,34.6,0.521,0.0
Kevin Durant,2020-21,26.9,5.6,7.1,0.7,1.3,3.4,35.0,33.1,0.537,Tim Duncan,2014-15,13.9,3.0,9.1,0.8,2.0,1.7,77.0,28.9,0.512,1.0
Tim Duncan,2014-15,13.9,3.0,9.1,0.8,2.0,1.7,77.0,28.9,0.512,Kevin Durant,2020-21,26.9,5.6,7.1,0.7,1.3,3.4,35.0,33.1,0.537,0.0
Kobe Bryant,1996-97,7.6,1.3,1.9,0.7,0.3,1.6,71.0,15.5,0.417,Stephen Curry,2012-13,22.9,6.9,4.0,1.6,0.2,3.1,78.0,38.2,0.451,0.6666666666666666
Stephen Curry,2012-13,22.9,6.9,4.0,1.6,0.2,3.1,78.0,38.2,0.451,Kobe Bryant,1996-97,7.6,1.3,1.9,0.7,0.3,1.6,71.0,15.5,0.417,0.33333333333333337
Kobe Bryant,1998-99,19.9,3.8,5.3,1.4,1.0,3.1,50.0,37.9,0.465,LeBron James,2019-20,25.3,10.2,7.8,1.2,0.5,3.9,67.0,34.6,0.493,0.0
LeBron James,2019-20,25.3,10.2,7.8,1.2,0.5,3.9,67.0,34.6,0.493,Kobe Bryant,1998-99,19.9,3.8,5.3,1.4,1.0,3.1,50.0,37.9,0.465,1.0
Kobe Bryant,2000-01,28.5,5.0,5.9,1.7,0.6,3.2,68.0,40.9,0.464,LeBron James,2020-21,25.0,7.8,7.7,1.1,0.6,3.7,45.0,33.4,0.513,0.5
LeBron James,2020-21,25.0,7.8,7.7,1.1,0.6,3.7,45.0,33.4,0.513,Kobe Bryant,2000-01,28.5,5.0,5.9,1.7,0.6,3.2,68.0,40.9,0.464,0.5
Kobe Bryant,2001-02,25.2,5.5,5.5,1.5,0.4,2.8,80.0,38.3,0.469,Nikola Jokić,2020-21,26.4,8.3,10.8,1.3,0.7,3.1,72.0,34.6,0.566,1.0
Nikola Jokić,2020-21,26.4,8.3,10.8,1.3,0.7,3.1,72.0,34.6,0.566,Kobe Bryant,2001-02,25.2,5.5,5.5,1.5,0.4,2.8,80.0,38.3,0.469,0.0
Kobe Bryant,2008-09,26.8,4.9,5.2,1.5,0.5,2.6,82.0,36.1,0.467,Nikola Jokić,2017-18,18.5,6.1,10.7,1.2,0.8,2.8,75.0,32.6,0.499,0.75
Nikola Jokić,2017-18,18.5,6.1,10.7,1.2,0.8,2.8,75.0,32.6,0.499,Kobe Bryant,2008-09,26.8,4.9,5.2,1.5,0.5,2.6,82.0,36.1,0.467,0.25
Kobe Bryant,2008-09,26.8,4.9,5.2,1.5,0.5,2.6,82.0,36.1,0.467,Stephen Curry,2014-15,23.8,7.7,4.3,2.0,0.2,3.1,80.0,32.7,0.487,0.5
Stephen Curry,2014-15,23.8,7.7,4.3,2.0,0.2,3.1,80.0,32.7,0.487,Kobe Bryant,2008-09,26.8,4.9,5.2,1.5,0.5,2.6,82.0,36.1,0.467,0.5
Kobe Bryant,2010-11,25.3,4.7,5.1,1.2,0.1,3.0,82.0,33.9,0.451,Zion Williamson,2019-20,22.5,2.1,6.3,0.7,0.4,2.5,24.0,27.8,0.583,0.0
Zion Williamson,2019-20,22.5,2.1,6.3,0.7,0.4,2.5,24.0,27.8,0.583,Kobe Bryant,2010-11,25.3,4.7,5.1,1.2,0.1,3.0,82.0,33.9,0.451,1.0
Kobe Bryant,2013-14,13.8,6.3,4.3,1.2,0.2,5.7,6.0,29.5,0.425,Rudy Gobert,2015-16,9.1,1.5,11.0,0.7,2.2,1.9,61.0,31.7,0.559,0.0
Rudy Gobert,2015-16,9.1,1.5,11.0,0.7,2.2,1.9,61.0,31.7,0.559,Kobe Bryant,2013-14,13.8,6.3,4.3,1.2,0.2,5.7,6.0,29.5,0.425,1.0
Kyrie Irving,2011-12,18.5,5.4,3.7,1.1,0.4,3.1,51.0,30.5,0.469,Nikola Jokić,2018-19,20.1,7.3,10.8,1.4,0.7,3.1,80.0,31.3,0.511,0.25
Nikola Jokić,2018-19,20.1,7.3,10.8,1.4,0.7,3.1,80.0,31.3,0.511,Kyrie Irving,2011-12,18.5,5.4,3.7,1.1,0.4,3.1,51.0,30.5,0.469,0.75
Kyrie Irving,2011-12,18.5,5.4,3.7,1.1,0.4,3.1,51.0,30.5,0.469,Rudy Gobert,2021-22,14.9,1.0,14.7,1.0,2.3,2.0,23.0,31.9,0.731,0.5
Rudy Gobert,2021-22,14.9,1.0,14.7,1.0,2.3,2.0,23.0,31.9,0.731,Kyrie Irving,2011-12,18.5,5.4,3.7,1.1,0.4,3.1,51.0,30.5,0.469,0.5
Kyrie Irving,2011-12,18.5,5.4,3.7,1.1,0.4,3.1,51.0,30.5,0.469,Tim Duncan,2003-04,22.3,3.1,12.4,0.9,2.7,2.7,69.0,36.6,0.501,0.0
Tim Duncan,2003-04,22.3,3.1,12.4,0.9,2.7,2.7,69.0,36.6,0.501,Kyrie Irving,2011-12,18.5,5.4,3.7,1.1,0.4,3.1,51.0,30.5,0.469,1.0
Kyrie Irving,2011-12,18.5,5.4,3.7,1.1,0.4,3.1,51.0,30.5,0.469,Zion Williamson,2020-21,27.0,3.7,7.2,0.9,0.6,2.7,61.0,33.2,0.611,0.3333333333333333
Zion Williamson,2020-21,27.0,3.7,7.2,0.9,0.6,2.7,61.0,33.2,0.611,Kyrie Irving,2011-12,18.5,5.4,3.7,1.1,0.4,3.1,51.0,30.5,0.469,0.6666666666666667
Kyrie Irving,2012-13,22.5,5.9,3.7,1.5,0.4,3.2,59.0,34.7,0.452,LeBron James,2016-17,26.4,8.7,8.6,1.2,0.6,4.1,74.0,37.8,0.548,0.0
LeBron James,2016-17,26.4,8.7,8.6,1.2,0.6,4.1,74.0,37.8,0.548,Kyrie Irving,2012-13,22.5,5.9,3.7,1.5,0.4,3.2,59.0,34.7,0.452,1.0
Kyrie Irving,2013-14,20.8,6.1,3.6,1.5,0.3,2.7,71.0,35.2,0.43,Paul George,2018-19,28.0,4.1,8.2,2.2,0.4,2.7,77.0,36.9,0.438,0.25
Paul George,2018-19,28.0,4.1,8.2,2.2,0.4,2.7,77.0,36.9,0.438,Kyrie Irving,2013-14,20.8,6.1,3.6,1.5,0.3,2.7,71.0,35.2,0.43,0.75
Kyrie Irving,2013-14,20.8,6.1,3.6,1.5,0.3,2.7,71.0,35.2,0.43,Tim Duncan,2012-13,17.8,2.7,9.9,0.7,2.7,2.1,69.0,30.1,0.502,0.5
Tim Duncan,2012-13,17.8,2.7,9.9,0.7,2.7,2.1,69.0,30.1,0.502,Kyrie Irving,2013-14,20.8,6.1,3.6,1.5,0.3,2.7,71.0,35.2,0.43,0.5
Kyrie Irving,2014-15,21.7,5.2,3.2,1.5,0.3,2.5,75.0,36.4,0.468,Luka Dončić,2021-22,25.4,8.5,8.1,1.1,0.6,4.6,18.0,34.7,0.445,1.0
Luka Dončić,2021-22,25.4,8.5,8.1,1.1,0.6,4.6,18.0,34.7,0.445,Kyrie Irving,2014-15,21.7,5.2,3.2,1.5,0.3,2.5,75.0,36.4,0.468,0.0
Kyrie Irving,2015-16,19.6,4.7,3.0,1.1,0.3,2.3,53.0,31.5,0.448,Luka Dončić,2018-19,21.2,6.0,7.8,1.1,0.3,3.4,72.0,32.2,0.427,0.5
Luka Dončić,2018-19,21.2,6.0,7.8,1.1,0.3,3.4,72.0,32.2,0.427,Kyrie Irving,2015-16,19.6,4.7,3.0,1.1,0.3,2.3,53.0,31.5,0.448,0.5
Kyrie Irving,2015-16,19.6,4.7,3.0,1.1,0.3,2.3,53.0,31.5,0.448,Tim Duncan,2007-08,19.3,2.8,11.3,0.7,1.9,2.3,78.0,34.0,0.497,1.0
Tim Duncan,2007-08,19.3,2.8,11.3,0.7,1.9,2.3,78.0,34.0,0.497,Kyrie Irving,2015-16,19.6,4.7,3.0,1.1,0.3,2.3,53.0,31.5,0.448,0.0
Kyrie Irving,2016-17,25.2,5.8,3.2,1.2,0.3,2.5,72.0,35.1,0.473,Stephen Curry,2012-13,22.9,6.9,4.0,1.6,0.2,3.1,78.0,38.2,0.451,0.6666666666666666
Stephen Curry,2012-13,22.9,6.9,4.0,1.6,0.2,3.1,78.0,38.2,0.451,Kyrie Irving,2016-17,25.2,5.8,3.2,1.2,0.3,2.5,72.0,35.1,0.473,0.33333333333333337
Kyrie Irving,2019-20,27.4,6.4,5.2,1.4,0.5,2.6,20.0,32.9,0.478,Nikola Jokić,2020-21,26.4,8.3,10.8,1.3,0.7,3.1,72.0,34.6,0.566,1.0
Nikola Jokić,2020-21,26.4,8.3,10.8,1.3,0.7,3.1,72.0,34.6,0.566,Kyrie Irving,2019-20,27.4,6.4,5.2,1.4,0.5,2.6,20.0,32.9,0.478,0.0
LeBron James,2003-04,20.9,5.9,5.5,1.6,0.7,3.5,79.0,39.5,0.417,Rudy Gobert,2015-16,9.1,1.5,11.0,0.7,2.2,1.9,61.0,31.7,0.559,1.0
Rudy Gobert,2015-16,9.1,1.5,11.0,0.7,2.2,1.9,61.0,31.7,0.559,LeBron James,2003-04,20.9,5.9,5.5,1.6,0.7,3.5,79.0,39.5,0.417,0.0
LeBron James,2008-09,28.4,7.2,7.6,1.7,1.1,3.0,81.0,37.7,0.489,Luka Dončić,2018-19,21.2,6.0,7.8,1.1,0.3,3.4,72.0,32.2,0.427,0.6
Luka Dončić,2018-19,21.2,6.0,7.8,1.1,0.3,3.4,72.0,32.2,0.427,LeBron James,2008-09,28.4,7.2,7.6,1.7,1.1,3.0,81.0,37.7,0.489,0.4
LeBron James,2009-10,29.7,8.6,7.3,1.6,1.0,3.4,76.0,39.0,0.503,Paul George,2021-22,25.1,5.5,7.3,1.8,0.4,4.3,23.0,35.7,0.419,1.0
Paul George,2021-22,25.1,5.5,7.3,1.8,0.4,4.3,23.0,35.7,0.419,LeBron James,2009-10,29.7,8.6,7.3,1.6,1.0,3.4,76.0,39.0,0.503,0.0
LeBron James,2011-12,27.1,6.2,7.9,1.9,0.8,3.4,62.0,37.5,0.531,Nikola Jokić,2016-17,16.7,4.9,9.8,0.8,0.8,2.3,73.0,27.9,0.578,1.0
Nikola Jokić,2016-17,16.7,4.9,9.8,0.8,0.8,2.3,73.0,27.9,0.578,LeBron James,2011-12,27.1,6.2,7.9,1.9,0.8,3.4,62.0,37.5,0.531,0.0
LeBron James,2019-20,25.3,10.2,7.8,1.2,0.5,3.9,67.0,34.6,0.493,Nikola Jokić,2017-18,18.5,6.1,10.7,1.2,0.8,2.8,75.0,32.6,0.499,1.0
Nikola Jokić,2017-18,18.5,6.1,10.7,1.2,0.8,2.8,75.0,32.6,0.499,LeBron James,2019-20,25.3,10.2,7.8,1.2,0.5,3.9,67.0,34.6,0.493,0.0
LeBron James,2019-20,25.3,10.2,7.8,1.2,0.5,3.9,67.0,34.6,0.493,Paul George,2012-13,17.4,4.1,7.6,1.8,0.6,2.9,79.0,37.6,0.419,1.0
Paul George,2012-13,17.4,4.1,7.6,1.8,0.6,2.9,79.0,37.6,0.419,LeBron James,2019-20,25.3,10.2,7.8,1.2,0.5,3.9,67.0,34.6,0.493,0.0
Luka Dončić,2021-22,25.4,8.5,8.1,1.1,0.6,4.6,18.0,34.7,0.445,Tim Duncan,2007-08,19.3,2.8,11.3,0.7,1.9,2.3,78.0,34.0,0.497,0.0
Tim Duncan,2007-08,19.3,2.8,11.3,0.7,1.9,2.3,78.0,34.0,0.497,Luka Dončić,2021-22,25.4,8.5,8.1,1.1,0.6,4.6,18.0,34.7,0.445,1.0
Luka Dončić,2021-22,25.4,8.5,8.1,1.1,0.6,4.6,18.0,34.7,0.445,Zion Williamson,2019-20,22.5,2.1,6.3,0.7,0.4,2.5,24.0,27.8,0.583,0.5
Zion Williamson,2019-20,22.5,2.1,6.3,0.7,0.4,2.5,24.0,27.8,0.583,Luka Dončić,2021-22,25.4,8.5,8.1,1.1,0.6,4.6,18.0,34.7,0.445,0.5
Nikola Jokić,2021-22,25.6,6.8,13.5,1.2,0.7,3.2,18.0,32.6,0.577,Tim Duncan,2005-06,18.6,3.2,11.0,0.9,2.0,2.5,80.0,34.8,0.484,1.0
Tim Duncan,2005-06,18.6,3.2,11.0,0.9,2.0,2.5,80.0,34.8,0.484,Nikola Jokić,2021-22,25.6,6.8,13.5,1.2,0.7,3.2,18.0,32.6,0.577,0.0
Nikola Jokić,2021-22,25.6,6.8,13.5,1.2,0.7,3.2,18.0,32.6,0.577,Zion Williamson,2020-21,27.0,3.7,7.2,0.9,0.6,2.7,61.0,33.2,0.611,0.6666666666666666
Zion Williamson,2020-21,27.0,3.7,7.2,0.9,0.6,2.7,61.0,33.2,0.611,Nikola Jokić,2021-22,25.6,6.8,13.5,1.2,0.7,3.2,18.0,32.6,0.577,0.33333333333333337
Paul George,2013-14,21.7,3.5,6.8,1.9,0.3,2.8,80.0,36.2,0.424,Tim Duncan,2011-12,15.4,2.3,9.0,0.7,1.5,1.7,58.0,28.2,0.492,0.0
Tim Duncan,2011-12,15.4,2.3,9.0,0.7,1.5,1.7,58.0,28.2,0.492,Paul George,2013-14,21.7,3.5,6.8,1.9,0.3,2.8,80.0,36.2,0.424,1.0
Paul George,2016-17,23.7,3.3,6.6,1.6,0.4,2.9,75.0,35.9,0.461,Zion Williamson,2020-21,27.0,3.7,7.2,0.9,0.6,2.7,61.0,33.2,0.611,1.0
Zion Williamson,2020-21,27.0,3.7,7.2,0.9,0.6,2.7,61.0,33.2,0.611,Paul George,2016-17,23.7,3.3,6.6,1.6,0.4,2.9,75.0,35.9,0.461,0.0
Paul George,2017-18,21.9,3.3,5.7,2.0,0.5,2.7,79.0,36.6,0.43,Rudy Gobert,2019-20,15.1,1.5,13.5,0.8,2.0,1.9,68.0,34.3,0.693,0.0
Rudy Gobert,2019-20,15.1,1.5,13.5,0.8,2.0,1.9,68.0,34.3,0.693,Paul George,2017-18,21.9,3.3,5.7,2.0,0.5,2.7,79.0,36.6,0.43,1.0
Paul George,2021-22,25.1,5.5,7.3,1.8,0.4,4.3,23.0,35.7,0.419,Rudy Gobert,2013-14,2.3,0.2,3.4,0.2,0.9,0.7,45.0,9.6,0.486,0.6666666666666666
Rudy Gobert,2013-14,2.3,0.2,3.4,0.2,0.9,0.7,45.0,9.6,0.486,Paul George,2021-22,25.1,5.5,7.3,1.8,0.4,4.3,23.0,35.7,0.419,0.33333333333333337
Paul George,2021-22,25.1,5.5,7.3,1.8,0.4,4.3,23.0,35.7,0.419,Zion Williamson,2019-20,22.5,2.1,6.3,0.7,0.4,2.5,24.0,27.8,0.583,1.0
Zion Williamson,2019-20,22.5,2.1,6.3,0.7,0.4,2.5,24.0,27.8,0.583,Paul George,2021-22,25.1,5.5,7.3,1.8,0.4,4.3,23.0,35.7,0.419,0.0
Stephen Curry,2009-10,17.5,5.9,4.5,1.9,0.2,3.0,80.0,36.2,0.462,Tim Duncan,2008-09,19.3,3.5,10.7,0.5,1.7,2.2,75.0,33.7,0.504,0.5
Tim Duncan,2008-09,19.3,3.5,10.7,0.5,1.7,2.2,75.0,33.7,0.504,Stephen Curry,2009-10,17.5,5.9,4.5,1.9,0.2,3.0,80.0,36.2,0.462,0.5
